,Group,Designer,0
0,4,0,955
1,4,1,2474
2,4,2,1026
3,4,3,4958
4,4,4,3681
5,4,5,6
6,4,6,891
7,4,7,5
8,4,8,744
9,6,9,2110
10,4,10,2696
11,4,11,3681
12,4,12,2711
13,4,13,426
14,4,14,2820
15,4,15,3667
16,4,16,2950
17,9,17,3958
18,4,18,1303
19,4,19,3468
20,4,20,5143
21,4,21,2983
22,4,22,4020
23,4,23,1708
24,3,24,3144
25,4,25,4469
26,4,26,4609
27,5,27,1561
28,4,28,3059
29,4,29,3786
30,4,30,1391
31,4,31,4494
32,4,32,4111
33,4,33,2228
34,4,34,2062
35,5,35,3009
36,4,36,0
37,4,37,4702
38,3,38,2240
39,5,39,4857
40,4,40,1964
41,4,41,3114
42,4,42,162
43,4,43,30
44,4,44,3570
45,4,45,4737
46,4,46,394
47,4,47,1285
48,3,48,1191
49,4,49,352
50,4,50,1110
51,4,51,4187
52,4,52,356
53,4,53,4714
54,4,54,1538
55,4,55,3352
56,4,56,4091
57,4,57,4808
58,8,58,1019
59,4,59,990
60,4,60,3180
61,4,61,794
62,4,62,3101
63,4,63,4329
64,4,64,4576
65,4,65,2087
66,4,66,2136
67,4,67,789
68,4,68,3962
69,4,69,2725
70,4,70,438
71,4,71,3657
72,4,72,319
73,4,73,437
74,4,74,1892
75,4,75,162
76,4,76,4142
77,9,77,4149
78,4,78,2256
79,4,79,1367
80,4,80,3450
81,4,81,3931
82,4,82,5036
83,4,83,3120
84,4,84,2388
85,4,85,4953
86,4,86,4844
87,4,87,4458
88,4,88,3848
89,4,89,5054
90,4,90,4630
91,4,91,433
92,6,92,2960
93,7,93,2427
94,4,94,4549
95,4,95,3439
96,4,96,154
97,4,97,1913
98,4,98,646
99,4,99,4239
100,4,100,1964
101,4,101,490
102,4,102,959
103,4,103,316
104,4,104,1605
105,4,105,4349
106,4,106,4037
107,4,107,975
108,4,108,503
109,4,109,4060
110,4,110,3453
111,4,111,2678
112,4,112,4855
113,4,113,2086
114,4,114,1492
115,8,115,3086
116,4,116,254
117,4,117,4955
118,4,118,682
119,4,119,163
120,4,120,4464
121,4,121,4549
122,4,122,503
123,4,123,25
124,4,124,3060
125,4,125,5012
126,4,126,3626
127,4,127,4093
128,4,128,480
129,4,129,2776
130,4,130,2596
131,4,131,4982
132,4,132,3826
133,4,133,308
134,4,134,5191
135,4,135,4175
136,4,136,4308
137,4,137,1844
138,4,138,2315
139,4,139,934
140,4,140,3439
141,4,141,874
142,4,142,417
143,4,143,4378
144,4,144,2428
145,4,145,4787
146,4,146,1122
147,4,147,2900
148,4,148,309
149,5,149,2593
150,4,150,762
151,4,151,5152
152,4,152,303
153,4,153,2017
154,4,154,4876
155,4,155,3440
156,4,156,834
157,8,157,3977
158,4,158,2054
159,4,159,433
160,4,160,3922
161,4,161,5093
162,4,162,3664
163,4,163,808
164,4,164,119
165,4,165,4556
166,4,166,1538
167,4,167,376
168,4,168,3884
169,4,169,3852
170,5,170,518
171,4,171,2579
172,4,172,2631
173,4,173,732
174,4,174,2001
175,4,175,1844
176,4,176,639
177,4,177,578
178,4,178,1513
179,4,179,3922
180,4,180,353
181,4,181,890
182,4,182,1969
183,4,183,1017
184,0,184,184
185,4,185,5096
186,4,186,535
187,5,187,640
188,4,188,4321
189,4,189,3479
190,4,190,4505
191,4,191,1704
192,4,192,5151
193,4,193,2271
194,4,194,2554
195,4,195,4700
196,4,196,834
197,4,197,1500
198,4,198,935
199,5,199,350
200,4,200,526
201,4,201,521
202,4,202,160
203,4,203,3920
204,4,204,1132
205,4,205,3982
206,4,206,3929
207,5,207,3530
208,4,208,4809
209,4,209,1659
210,4,210,1230
211,4,211,1328
212,4,212,4255
213,4,213,29
214,4,214,3754
215,4,215,4953
216,4,216,4936
217,4,217,4589
218,4,218,4947
219,4,219,613
220,4,220,771
221,4,221,10
222,4,222,3067
223,4,223,4220
224,4,224,325
225,4,225,5151
226,4,226,2920
227,4,227,4129
228,4,228,1122
229,4,229,3681
230,4,230,379
231,4,231,2132
232,4,232,3708
233,4,233,342
234,4,234,4549
235,4,235,1500
236,4,236,2071
237,4,237,1418
238,4,238,3388
239,4,239,437
240,4,240,668
241,4,241,3425
242,4,242,3826
243,4,243,7
244,4,244,1152
245,4,245,4807
246,4,246,319
247,4,247,3566
248,4,248,1392
249,4,249,3279
250,4,250,2547
251,4,251,1816
252,4,252,1948
253,4,253,248
254,4,254,2125
255,4,255,4116
256,4,256,3585
257,4,257,2869
258,4,258,5
259,4,259,2735
260,4,260,2566
261,4,261,3089
262,4,262,551
263,4,263,3873
264,4,264,136
265,4,265,248
266,4,266,1445
267,4,267,3903
268,4,268,2752
269,8,269,269
270,4,270,2932
271,4,271,1374
272,4,272,3059
273,4,273,1882
274,4,274,892
275,7,275,2022
276,4,276,3468
277,4,277,785
278,4,278,4837
279,4,279,925
280,4,280,133
281,4,281,4311
282,4,282,3382
283,4,283,1431
284,4,284,2512
285,4,285,176
286,6,286,3645
287,4,287,2592
288,4,288,0
289,4,289,2193
290,4,290,3375
291,4,291,827
292,4,292,4067
293,4,293,3812
294,4,294,1228
295,4,295,834
296,4,296,4806
297,4,297,1869
298,4,298,2857
299,4,299,1552
300,4,300,4409
301,4,301,136
302,4,302,0
303,4,303,433
304,4,304,831
305,4,305,822
306,4,306,2735
307,4,307,1635
308,4,308,1418
309,4,309,3152
310,4,310,5
311,4,311,1301
312,4,312,2996
313,4,313,2646
314,4,314,1492
315,4,315,4982
316,4,316,2648
317,4,317,476
318,4,318,1591
319,4,319,712
320,4,320,591
321,4,321,546
322,4,322,1762
323,4,323,718
324,4,324,971
325,4,325,1021
326,4,326,224
327,4,327,942
328,4,328,2128
329,4,329,2103
330,4,330,4785
331,4,331,892
332,4,332,3323
333,4,333,2228
334,4,334,4640
335,4,335,2757
336,4,336,4129
337,6,337,4488
338,4,338,4549
339,4,339,4772
340,4,340,3940
341,4,341,2279
342,4,342,3642
343,4,343,3764
344,4,344,2469
345,5,345,4217
346,4,346,3825
347,4,347,4246
348,4,348,803
349,4,349,1397
350,5,350,1478
351,4,351,2416
352,4,352,4116
353,4,353,3045
354,4,354,791
355,4,355,10
356,4,356,4779
357,4,357,2451
358,4,358,4474
359,4,359,880
360,4,360,4785
361,4,361,3944
362,4,362,4208
363,9,363,17
364,4,364,746
365,4,365,1465
366,4,366,0
367,4,367,4736
368,4,368,845
369,4,369,803
370,4,370,864
371,4,371,1882
372,4,372,4594
373,4,373,4839
374,4,374,328
375,4,375,2905
376,4,376,1515
377,4,377,1165
378,4,378,4729
379,4,379,891
380,4,380,230
381,4,381,2719
382,5,382,199
383,4,383,260
384,4,384,558
385,4,385,4173
386,8,386,1877
387,4,387,1319
388,6,388,625
389,4,389,897
390,4,390,604
391,4,391,1127
392,4,392,264
393,5,393,2914
394,4,394,4814
395,4,395,46
396,4,396,117
397,4,397,4745
398,5,398,4537
399,4,399,1620
400,4,400,4882
401,4,401,4038
402,4,402,4707
403,4,403,772
404,4,404,1694
405,5,405,2082
406,4,406,3786
407,4,407,1492
408,4,408,894
409,4,409,3289
410,4,410,1130
411,4,411,1844
412,4,412,49
413,4,413,2469
414,4,414,1402
415,4,415,4308
416,4,416,567
417,4,417,4511
418,4,418,1677
419,4,419,3506
420,4,420,1397
421,4,421,758
422,4,422,977
423,4,423,5135
424,4,424,25
425,8,425,4543
426,4,426,682
427,4,427,3811
428,4,428,4152
429,4,429,2236
430,4,430,0
431,4,431,2965
432,4,432,808
433,4,433,4932
434,4,434,3608
435,4,435,4133
436,5,436,405
437,4,437,0
438,4,438,1643
439,4,439,70
440,4,440,3059
441,4,441,1816
442,4,442,1492
443,4,443,0
444,4,444,1310
445,4,445,2174
446,4,446,2732
447,6,447,2110
448,5,448,4767
449,4,449,5
450,4,450,3191
451,5,451,3967
452,4,452,1502
453,4,453,1122
454,4,454,1252
455,4,455,4409
456,4,456,1691
457,4,457,4262
458,4,458,3671
459,9,459,1421
460,4,460,806
461,4,461,1934
462,4,462,1677
463,4,463,2609
464,4,464,2686
465,4,465,4972
466,4,466,3263
467,4,467,163
468,4,468,3312
469,4,469,971
470,4,470,316
471,4,471,4637
472,4,472,906
473,4,473,473
474,4,474,2592
475,4,475,1363
476,4,476,1465
477,4,477,1769
478,4,478,1285
479,4,479,4984
480,4,480,2004
481,4,481,3943
482,4,482,891
483,4,483,2663
484,4,484,2026
485,4,485,232
486,4,486,101
487,4,487,4071
488,4,488,4982
489,4,489,4953
490,4,490,2454
491,4,491,101
492,4,492,4120
493,4,493,4315
494,4,494,4225
495,4,495,3352
496,4,496,4202
497,4,497,4549
498,4,498,3249
499,10,499,1987
500,4,500,2877
501,4,501,5
502,4,502,4667
503,4,503,4464
504,4,504,834
505,4,505,4998
506,4,506,1620
507,4,507,2758
508,4,508,3858
509,4,509,3293
510,4,510,311
511,4,511,2333
512,4,512,788
513,4,513,4646
514,4,514,101
515,4,515,1331
516,4,516,1759
517,5,517,4550
518,5,518,4065
519,4,519,2298
520,4,520,3671
521,4,521,2881
522,4,522,392
523,4,523,549
524,4,524,2885
525,4,525,491
526,4,526,2108
527,4,527,200
528,4,528,1261
529,4,529,1907
530,4,530,335
531,4,531,806
532,4,532,3861
533,4,533,894
534,4,534,5
535,4,535,2117
536,4,536,4950
537,3,537,1664
538,4,538,1671
539,4,539,1061
540,4,540,4286
541,4,541,377
542,4,542,453
543,4,543,5029
544,5,544,4767
545,4,545,267
546,4,546,2799
547,4,547,3310
548,4,548,1329
549,4,549,4076
550,4,550,101
551,4,551,2236
552,4,552,4172
553,4,553,1581
554,4,554,2465
555,5,555,3071
556,4,556,1007
557,8,557,3665
558,4,558,15
559,4,559,3027
560,4,560,101
561,4,561,2916
562,4,562,0
563,4,563,880
564,4,564,2183
565,4,565,1637
566,4,566,4935
567,4,567,4982
568,4,568,2566
569,8,569,4054
570,4,570,73
571,4,571,1120
572,4,572,2698
573,5,573,4537
574,4,574,5022
575,4,575,4777
576,4,576,662
577,4,577,2958
578,4,578,293
579,4,579,177
580,4,580,130
581,5,581,5070
582,4,582,2648
583,4,583,328
584,4,584,1532
585,4,585,2322
586,4,586,294
587,4,587,361
588,4,588,264
589,4,589,3626
590,4,590,1229
591,4,591,3249
592,4,592,320
593,4,593,196
594,4,594,289
595,4,595,1445
596,4,596,101
597,4,597,216
598,4,598,3859
599,8,599,1702
600,4,600,3871
601,4,601,3657
602,4,602,2034
603,4,603,758
604,4,604,686
605,4,605,4315
606,4,606,1492
607,4,607,2819
608,4,608,3518
609,4,609,3748
610,4,610,2848
611,4,611,5135
612,4,612,4981
613,4,613,901
614,4,614,3879
615,4,615,3445
616,4,616,506
617,4,617,0
618,5,618,27
619,4,619,3067
620,4,620,4021
621,4,621,5123
622,5,622,3311
623,5,623,2692
624,4,624,4702
625,6,625,9
626,4,626,841
627,4,627,2310
628,4,628,3607
629,4,629,574
630,4,630,2167
631,4,631,3154
632,4,632,3091
633,4,633,2124
634,5,634,4256
635,4,635,101
636,4,636,4587
637,4,637,3816
638,4,638,5002
639,4,639,3903
640,5,640,1717
641,3,641,4199
642,4,642,176
643,4,643,4972
644,4,644,971
645,3,645,2350
646,4,646,2589
647,9,647,1817
648,4,648,98
649,4,649,1014
650,4,650,18
651,4,651,3249
652,4,652,2482
653,4,653,4364
654,4,654,2678
655,4,655,1232
656,4,656,3555
657,4,657,3861
658,4,658,3846
659,4,659,3953
660,4,660,1392
661,4,661,1900
662,4,662,2103
663,4,663,2905
664,4,664,758
665,4,665,101
666,4,666,1090
667,4,667,1142
668,4,668,2010
669,3,669,1664
670,4,670,4421
671,4,671,901
672,4,672,1127
673,4,673,1840
674,4,674,4555
675,4,675,1635
676,4,676,3652
677,4,677,1203
678,4,678,4707
679,4,679,3352
680,4,680,4805
681,4,681,3729
682,4,682,4180
683,4,683,1342
684,4,684,1303
685,4,685,5184
686,4,686,3084
687,3,687,1765
688,4,688,3882
689,4,689,25
690,4,690,4268
691,4,691,3176
692,4,692,181
693,4,693,4835
694,4,694,738
695,4,695,4404
696,9,696,3853
697,4,697,1552
698,4,698,2465
699,4,699,1120
700,4,700,4515
701,6,701,701
702,4,702,672
703,4,703,5066
704,4,704,4249
705,4,705,2755
706,4,706,1602
707,4,707,1332
708,4,708,3971
709,4,709,2243
710,4,710,136
711,4,711,3784
712,4,712,2678
713,4,713,4549
714,4,714,3758
715,4,715,3939
716,4,716,3962
717,4,717,1484
718,4,718,1816
719,4,719,2812
720,4,720,2061
721,4,721,536
722,4,722,4404
723,4,723,2364
724,4,724,3470
725,4,725,1774
726,4,726,4288
727,4,727,2004
728,4,728,0
729,4,729,2103
730,4,730,3111
731,4,731,4021
732,4,732,2183
733,4,733,5176
734,4,734,3858
735,4,735,255
736,4,736,1252
737,4,737,248
738,4,738,2137
739,4,739,197
740,4,740,2725
741,4,741,2010
742,4,742,2428
743,4,743,3208
744,4,744,2260
745,4,745,1078
746,4,746,3344
747,5,747,2192
748,9,748,1670
749,4,749,3978
750,4,750,942
751,4,751,1816
752,4,752,1081
753,4,753,664
754,4,754,1416
755,4,755,1025
756,4,756,5014
757,4,757,2228
758,4,758,101
759,4,759,421
760,4,760,5048
761,4,761,2355
762,4,762,4714
763,4,763,150
764,4,764,3302
765,4,765,5055
766,4,766,491
767,4,767,5047
768,4,768,3706
769,4,769,3536
770,4,770,3401
771,4,771,80
772,4,772,2842
773,4,773,4507
774,4,774,1189
775,4,775,636
776,4,776,1431
777,4,777,5153
778,4,778,0
779,4,779,3961
780,4,780,3882
781,4,781,307
782,4,782,1342
783,4,783,1244
784,4,784,1840
785,4,785,74
786,4,786,277
787,5,787,3311
788,4,788,2619
789,4,789,101
790,5,790,517
791,4,791,1508
792,8,792,1896
793,4,793,5125
794,4,794,216
795,4,795,1716
796,4,796,3227
797,4,797,3064
798,4,798,3333
799,4,799,101
800,4,800,2801
801,4,801,1493
802,4,802,2609
803,4,803,3124
804,4,804,369
805,4,805,453
806,4,806,2696
807,5,807,1835
808,4,808,4717
809,4,809,163
810,4,810,1473
811,4,811,496
812,4,812,3468
813,4,813,3920
814,4,814,1389
815,4,815,1993
816,4,816,5137
817,4,817,574
818,4,818,140
819,4,819,1319
820,4,820,437
821,4,821,25
822,4,822,3238
823,4,823,5104
824,4,824,2353
825,4,825,3299
826,4,826,2801
827,4,827,4475
828,4,828,291
829,4,829,2567
830,4,830,97
831,4,831,3852
832,5,832,2199
833,4,833,1673
834,4,834,1463
835,4,835,504
836,4,836,5
837,4,837,740
838,4,838,4286
839,4,839,3380
840,4,840,2006
841,4,841,3052
842,4,842,3157
843,4,843,4249
844,4,844,3437
845,4,845,1354
846,9,846,1952
847,4,847,2383
848,4,848,2007
849,4,849,2579
850,4,850,2447
851,4,851,2698
852,4,852,4888
853,4,853,2701
854,4,854,0
855,4,855,4630
856,4,856,1157
857,4,857,4583
858,4,858,163
859,4,859,1876
860,4,860,1801
861,4,861,5036
862,4,862,264
863,4,863,4036
864,4,864,559
865,4,865,2355
866,4,866,5
867,4,867,3075
868,4,868,3872
869,4,869,3407
870,4,870,3852
871,4,871,2631
872,4,872,5
873,4,873,1127
874,4,874,3643
875,4,875,141
876,4,876,4308
877,4,877,4469
878,4,878,4142
879,4,879,2006
880,4,880,759
881,4,881,563
882,4,882,881
883,5,883,3349
884,4,884,3180
885,4,885,1484
886,4,886,2896
887,4,887,30
888,4,888,1826
889,4,889,745
890,4,890,3731
891,4,891,181
892,4,892,379
893,4,893,2684
894,4,894,4205
895,4,895,5143
896,4,896,1391
897,4,897,1132
898,4,898,389
899,4,899,5
900,4,900,4033
901,4,901,1469
902,5,902,4256
903,4,903,3949
904,4,904,3619
905,4,905,985
906,4,906,4428
907,5,907,2053
908,4,908,3341
909,4,909,536
910,5,910,4252
911,4,911,1692
912,4,912,163
913,6,913,3444
914,4,914,1591
915,4,915,1159
916,8,916,3665
917,4,917,644
918,4,918,1418
919,4,919,1858
920,10,920,4664
921,4,921,2736
922,4,922,4714
923,4,923,3965
924,4,924,320
925,4,925,4064
926,4,926,1315
927,4,927,477
928,4,928,506
929,3,929,1191
930,4,930,4640
931,4,931,163
932,4,932,1244
933,1,933,5095
934,4,934,1816
935,4,935,773
936,4,936,5146
937,4,937,3566
938,4,938,4511
939,4,939,3585
940,4,940,699
941,4,941,506
942,4,942,1867
943,4,943,1165
944,4,944,2631
945,4,945,2908
946,4,946,2100
947,4,947,4164
948,4,948,3011
949,8,949,1672
950,4,950,256
951,4,951,2028
952,4,952,3382
953,9,953,3672
954,4,954,985
955,4,955,4090
956,4,956,891
957,4,957,926
958,4,958,1402
959,4,959,3734
960,4,960,3914
961,4,961,4796
962,0,962,184
963,5,963,2082
964,4,964,2510
965,4,965,2283
966,4,966,5139
967,4,967,2554
968,4,968,4709
969,3,969,2079
970,4,970,1816
971,4,971,3565
972,4,972,2004
973,4,973,926
974,4,974,4225
975,4,975,1118
976,4,976,107
977,4,977,3611
978,4,978,4056
979,4,979,26
980,4,980,3870
981,4,981,4224
982,4,982,2435
983,4,983,5
984,4,984,25
985,4,985,2236
986,4,986,1379
987,4,987,1431
988,4,988,4769
989,4,989,2969
990,4,990,509
991,4,991,59
992,4,992,368
993,4,993,2833
994,4,994,3806
995,4,995,1397
996,4,996,3235
997,4,997,2723
998,4,998,4181
999,4,999,648
1000,9,1000,2411
1001,4,1001,62
1002,4,1002,1531
1003,4,1003,1983
1004,4,1004,2161
1005,4,1005,1745
1006,4,1006,4953
1007,4,1007,3670
1008,4,1008,4870
1009,4,1009,4665
1010,4,1010,1383
1011,4,1011,5
1012,4,1012,2463
1013,4,1013,4142
1014,4,1014,4041
1015,6,1015,4488
1016,4,1016,4953
1017,4,1017,3412
1018,4,1018,2006
1019,8,1019,569
1020,4,1020,4998
1021,4,1021,3963
1022,4,1022,325
1023,4,1023,136
1024,5,1024,3997
1025,4,1025,3541
1026,4,1026,755
1027,4,1027,2850
1028,4,1028,1077
1029,4,1029,5044
1030,4,1030,4197
1031,4,1031,3706
1032,4,1032,3888
1033,4,1033,1484
1034,4,1034,4538
1035,4,1035,2126
1036,4,1036,2924
1037,4,1037,4867
1038,8,1038,2409
1039,5,1039,4605
1040,4,1040,837
1041,4,1041,4098
1042,4,1042,871
1043,4,1043,1195
1044,4,1044,1713
1045,4,1045,0
1046,4,1046,3141
1047,4,1047,215
1048,4,1048,2799
1049,4,1049,4322
1050,4,1050,265
1051,4,1051,10
1052,4,1052,1005
1053,5,1053,4081
1054,4,1054,3724
1055,4,1055,2705
1056,4,1056,4779
1057,4,1057,3399
1058,4,1058,4274
1059,4,1059,3274
1060,4,1060,2322
1061,4,1061,1121
1062,4,1062,1840
1063,4,1063,1453
1064,4,1064,2021
1065,4,1065,1092
1066,4,1066,2159
1067,4,1067,1127
1068,4,1068,4021
1069,4,1069,2207
1070,9,1070,1396
1071,4,1071,4583
1072,4,1072,892
1073,4,1073,1869
1074,4,1074,2205
1075,4,1075,421
1076,4,1076,1927
1077,4,1077,5153
1078,4,1078,3205
1079,4,1079,1532
1080,4,1080,3626
1081,4,1081,1469
1082,4,1082,101
1083,4,1083,1769
1084,4,1084,181
1085,4,1085,2976
1086,4,1086,224
1087,4,1087,163
1088,4,1088,165
1089,4,1089,2161
1090,4,1090,614
1091,4,1091,4684
1092,4,1092,4388
1093,4,1093,3982
1094,4,1094,3258
1095,4,1095,5146
1096,4,1096,4361
1097,4,1097,4583
1098,4,1098,4315
1099,4,1099,4626
1100,4,1100,1239
1101,4,1101,1420
1102,4,1102,1324
1103,3,1103,2079
1104,4,1104,2480
1105,5,1105,2345
1106,4,1106,2615
1107,4,1107,4997
1108,4,1108,4604
1109,4,1109,2021
1110,4,1110,4807
1111,5,1111,4532
1112,4,1112,50
1113,4,1113,3575
1114,4,1114,2482
1115,4,1115,2207
1116,4,1116,1671
1117,4,1117,4870
1118,4,1118,289
1119,9,1119,3499
1120,4,1120,3989
1121,4,1121,2924
1122,4,1122,1061
1123,4,1123,2880
1124,4,1124,3101
1125,4,1125,2780
1126,4,1126,605
1127,4,1127,52
1128,4,1128,3113
1129,4,1129,248
1130,4,1130,2167
1131,4,1131,410
1132,4,1132,293
1133,4,1133,2298
1134,4,1134,3317
1135,4,1135,1632
1136,4,1136,956
1137,9,1137,3853
1138,4,1138,0
1139,4,1139,5103
1140,9,1140,1634
1141,4,1141,4854
1142,4,1142,3541
1143,4,1143,1426
1144,9,1144,1000
1145,4,1145,4315
1146,4,1146,216
1147,4,1147,2060
1148,4,1148,642
1149,5,1149,4065
1150,4,1150,11
1151,4,1151,1858
1152,4,1152,1890
1153,4,1153,3643
1154,4,1154,1980
1155,4,1155,1844
1156,4,1156,808
1157,4,1157,4250
1158,4,1158,4705
1159,4,1159,3113
1160,4,1160,3397
1161,4,1161,2686
1162,4,1162,4360
1163,4,1163,4520
1164,4,1164,2658
1165,4,1165,2682
1166,4,1166,377
1167,4,1167,566
1168,4,1168,2122
1169,4,1169,1746
1170,5,1170,518
1171,4,1171,809
1172,4,1172,4878
1173,4,1173,660
1174,4,1174,3722
1175,4,1175,847
1176,4,1176,3940
1177,4,1177,3001
1178,4,1178,3209
1179,4,1179,250
1180,4,1180,967
1181,4,1181,1237
1182,4,1182,2916
1183,4,1183,163
1184,4,1184,2112
1185,4,1185,3058
1186,4,1186,4739
1187,4,1187,2788
1188,4,1188,1023
1189,4,1189,3471
1190,4,1190,4935
1191,3,1191,4994
1192,4,1192,3380
1193,8,1193,1647
1194,4,1194,5057
1195,4,1195,1900
1196,4,1196,4651
1197,5,1197,405
1198,4,1198,892
1199,4,1199,410
1200,4,1200,3574
1201,4,1201,4920
1202,4,1202,1739
1203,4,1203,4549
1204,4,1204,163
1205,4,1205,248
1206,4,1206,4967
1207,4,1207,2428
1208,4,1208,1123
1209,4,1209,3872
1210,4,1210,2223
1211,4,1211,2067
1212,4,1212,4175
1213,4,1213,1451
1214,4,1214,1816
1215,4,1215,847
1216,4,1216,3988
1217,9,1217,748
1218,4,1218,738
1219,4,1219,5077
1220,4,1220,3768
1221,5,1221,4988
1222,4,1222,1133
1223,4,1223,4031
1224,4,1224,1518
1225,4,1225,1493
1226,4,1226,4950
1227,4,1227,596
1228,4,1228,4120
1229,4,1229,2271
1230,4,1230,4794
1231,5,1231,4767
1232,4,1232,3536
1233,10,1233,1233
1234,4,1234,4646
1235,4,1235,4870
1236,4,1236,2902
1237,4,1237,2631
1238,4,1238,2469
1239,4,1239,2165
1240,4,1240,326
1241,4,1241,926
1242,4,1242,1539
1243,0,1243,962
1244,4,1244,1493
1245,4,1245,4288
1246,4,1246,3944
1247,4,1247,2976
1248,4,1248,513
1249,4,1249,1005
1250,4,1250,0
1251,4,1251,1743
1252,4,1252,3254
1253,4,1253,2673
1254,4,1254,304
1255,4,1255,2283
1256,8,1256,3259
1257,4,1257,1214
1258,4,1258,2315
1259,6,1259,625
1260,4,1260,1821
1261,4,1261,0
1262,4,1262,3664
1263,10,1263,920
1264,4,1264,2010
1265,4,1265,1473
1266,4,1266,4193
1267,4,1267,3328
1268,4,1268,3380
1269,4,1269,1279
1270,4,1270,1513
1271,4,1271,1931
1272,4,1272,2885
1273,4,1273,1023
1274,4,1274,3284
1275,4,1275,1595
1276,4,1276,921
1277,4,1277,3068
1278,4,1278,2566
1279,4,1279,956
1280,4,1280,163
1281,4,1281,2094
1282,4,1282,4978
1283,4,1283,1781
1284,4,1284,2819
1285,4,1285,4528
1286,4,1286,4777
1287,4,1287,4181
1288,4,1288,3492
1289,4,1289,3940
1290,4,1290,4346
1291,4,1291,3608
1292,4,1292,5084
1293,4,1293,4485
1294,4,1294,4714
1295,6,1295,4746
1296,4,1296,4982
1297,10,1297,4664
1298,4,1298,2237
1299,4,1299,1540
1300,4,1300,870
1301,4,1301,4989
1302,4,1302,311
1303,4,1303,936
1304,4,1304,3310
1305,4,1305,4345
1306,4,1306,2797
1307,4,1307,4205
1308,4,1308,1392
1309,4,1309,0
1310,4,1310,280
1311,4,1311,1540
1312,4,1312,1163
1313,4,1313,2486
1314,4,1314,4715
1315,4,1315,3458
1316,5,1316,39
1317,4,1317,926
1318,4,1318,3952
1319,4,1319,2801
1320,4,1320,819
1321,4,1321,2026
1322,4,1322,4982
1323,4,1323,2108
1324,4,1324,3893
1325,4,1325,3165
1326,4,1326,4549
1327,4,1327,2627
1328,4,1328,4878
1329,4,1329,211
1330,4,1330,2046
1331,4,1331,4870
1332,4,1332,165
1333,4,1333,2900
1334,4,1334,2926
1335,4,1335,1321
1336,4,1336,309
1337,4,1337,4856
1338,4,1338,4058
1339,4,1339,5119
1340,4,1340,211
1341,4,1341,1492
1342,4,1342,3962
1343,4,1343,683
1344,4,1344,2260
1345,4,1345,163
1346,4,1346,1431
1347,4,1347,1538
1348,5,1348,1784
1349,4,1349,2678
1350,4,1350,3754
1351,4,1351,5
1352,4,1352,3670
1353,4,1353,5
1354,4,1354,5
1355,8,1355,3977
1356,4,1356,2967
1357,5,1357,27
1358,4,1358,527
1359,4,1359,830
1360,4,1360,101
1361,4,1361,1034
1362,5,1362,3071
1363,4,1363,0
1364,4,1364,1669
1365,4,1365,3069
1366,4,1366,3504
1367,4,1367,211
1368,4,1368,3091
1369,4,1369,4286
1370,4,1370,992
1371,9,1371,1119
1372,4,1372,2428
1373,4,1373,5137
1374,4,1374,3671
1375,4,1375,3064
1376,4,1376,248
1377,4,1377,437
1378,4,1378,2770
1379,4,1379,4820
1380,4,1380,986
1381,4,1381,3706
1382,4,1382,0
1383,4,1383,4208
1384,4,1384,3121
1385,4,1385,2678
1386,4,1386,153
1387,4,1387,101
1388,4,1388,4760
1389,4,1389,3299
1390,4,1390,4774
1391,4,1391,584
1392,4,1392,2175
1393,4,1393,248
1394,4,1394,3575
1395,4,1395,2740
1396,9,1396,1119
1397,4,1397,1619
1398,4,1398,995
1399,4,1399,3027
1400,4,1400,1082
1401,4,1401,0
1402,4,1402,1392
1403,4,1403,2485
1404,9,1404,2411
1405,4,1405,1218
1406,4,1406,2657
1407,4,1407,427
1408,4,1408,2391
1409,8,1409,1672
1410,4,1410,4835
1411,4,1411,847
1412,4,1412,3380
1413,4,1413,2630
1414,4,1414,101
1415,4,1415,4187
1416,4,1416,125
1417,4,1417,4649
1418,4,1418,3626
1419,4,1419,1813
1420,4,1420,5163
1421,9,1421,1144
1422,4,1422,1392
1423,4,1423,2916
1424,4,1424,437
1425,4,1425,4871
1426,4,1426,4736
1427,4,1427,4067
1428,4,1428,1632
1429,4,1429,101
1430,4,1430,1518
1431,4,1431,733
1432,4,1432,1922
1433,4,1433,1583
1434,4,1434,5053
1435,4,1435,1106
1436,4,1436,4920
1437,0,1437,184
1438,4,1438,2353
1439,4,1439,379
1440,4,1440,1507
1441,4,1441,844
1442,4,1442,156
1443,4,1443,2851
1444,4,1444,3121
1445,4,1445,4485
1446,4,1446,266
1447,4,1447,565
1448,4,1448,3291
1449,4,1449,1178
1450,4,1450,0
1451,4,1451,2696
1452,4,1452,4727
1453,4,1453,1183
1454,4,1454,5153
1455,4,1455,1398
1456,4,1456,4531
1457,4,1457,4587
1458,4,1458,1974
1459,4,1459,4507
1460,4,1460,1168
1461,4,1461,4970
1462,4,1462,3174
1463,4,1463,101
1464,4,1464,834
1465,4,1465,2302
1466,5,1466,517
1467,4,1467,163
1468,4,1468,4346
1469,4,1469,5152
1470,4,1470,3431
1471,4,1471,2290
1472,4,1472,5046
1473,4,1473,3085
1474,4,1474,3701
1475,4,1475,3978
1476,4,1476,97
1477,4,1477,1071
1478,5,1478,2692
1479,4,1479,0
1480,4,1480,936
1481,4,1481,1325
1482,5,1482,2593
1483,4,1483,3999
1484,4,1484,2523
1485,4,1485,1157
1486,4,1486,194
1487,4,1487,2267
1488,4,1488,4308
1489,4,1489,4737
1490,5,1490,4534
1491,4,1491,417
1492,4,1492,2739
1493,4,1493,1992
1494,4,1494,3681
1495,4,1495,4037
1496,4,1496,780
1497,4,1497,2546
1498,4,1498,4666
1499,4,1499,0
1500,4,1500,881
1501,4,1501,1667
1502,4,1502,1005
1503,4,1503,452
1504,4,1504,320
1505,4,1505,3764
1506,4,1506,3871
1507,4,1507,3939
1508,4,1508,1577
1509,4,1509,791
1510,4,1510,4549
1511,4,1511,2675
1512,7,1512,2516
1513,4,1513,3640
1514,4,1514,178
1515,4,1515,1392
1516,4,1516,376
1517,4,1517,294
1518,4,1518,455
1519,4,1519,1430
1520,6,1520,9
1521,4,1521,3291
1522,4,1522,2275
1523,4,1523,2919
1524,5,1524,4065
1525,4,1525,1636
1526,4,1526,101
1527,4,1527,895
1528,4,1528,2287
1529,4,1529,3051
1530,5,1530,3162
1531,4,1531,1869
1532,4,1532,1642
1533,4,1533,2888
1534,5,1534,4534
1535,4,1535,5059
1536,4,1536,892
1537,4,1537,2206
1538,4,1538,560
1539,4,1539,719
1540,4,1540,1242
1541,4,1541,1311
1542,4,1542,4002
1543,4,1543,1680
1544,4,1544,1816
1545,4,1545,320
1546,4,1546,2764
1547,4,1547,926
1548,4,1548,2885
1549,4,1549,3075
1550,4,1550,592
1551,4,1551,4308
1552,4,1552,264
1553,4,1553,633
1554,4,1554,2733
1555,4,1555,1541
1556,4,1556,892
1557,4,1557,3826
1558,4,1558,3478
1559,4,1559,1392
1560,4,1560,4172
1561,5,1561,2082
1562,4,1562,3940
1563,4,1563,410
1564,4,1564,2633
1565,4,1565,2103
1566,4,1566,1841
1567,4,1567,926
1568,4,1568,3921
1569,4,1569,4854
1570,4,1570,4016
1571,4,1571,3321
1572,4,1572,3193
1573,4,1573,823
1574,4,1574,2026
1575,4,1575,1969
1576,4,1576,2916
1577,4,1577,0
1578,4,1578,1242
1579,4,1579,310
1580,5,1580,27
1581,4,1581,825
1582,4,1582,553
1583,4,1583,4027
1584,1,1584,5095
1585,4,1585,2338
1586,4,1586,1432
1587,4,1587,2693
1588,4,1588,1321
1589,4,1589,3784
1590,4,1590,162
1591,4,1591,2228
1592,4,1592,3471
1593,4,1593,1093
1594,4,1594,2089
1595,4,1595,1658
1596,4,1596,4959
1597,4,1597,3686
1598,4,1598,101
1599,4,1599,163
1600,4,1600,4138
1601,4,1601,212
1602,4,1602,4507
1603,4,1603,1746
1604,4,1604,25
1605,4,1605,1894
1606,4,1606,3684
1607,4,1607,1826
1608,4,1608,1872
1609,4,1609,3611
1610,4,1610,1844
1611,4,1611,1850
1612,4,1612,3541
1613,4,1613,1541
1614,4,1614,3333
1615,4,1615,1591
1616,4,1616,107
1617,4,1617,0
1618,3,1618,4418
1619,4,1619,2236
1620,4,1620,4707
1621,4,1621,825
1622,4,1622,4254
1623,4,1623,2419
1624,4,1624,1123
1625,4,1625,4707
1626,4,1626,4707
1627,4,1627,3131
1628,4,1628,4644
1629,4,1629,798
1630,4,1630,1982
1631,4,1631,3426
1632,4,1632,1168
1633,4,1633,3109
1634,9,1634,1634
1635,4,1635,3307
1636,4,1636,3384
1637,4,1637,4326
1638,4,1638,153
1639,4,1639,3102
1640,3,1640,4363
1641,4,1641,4982
1642,4,1642,2975
1643,4,1643,2931
1644,4,1644,438
1645,4,1645,849
1646,4,1646,3575
1647,8,1647,2768
1648,4,1648,1034
1649,4,1649,2465
1650,4,1650,5151
1651,4,1651,323
1652,4,1652,3940
1653,4,1653,1547
1654,4,1654,1317
1655,4,1655,636
1656,4,1656,4612
1657,4,1657,1590
1658,4,1658,1485
1659,4,1659,3064
1660,4,1660,10
1661,4,1661,3111
1662,4,1662,1347
1663,4,1663,3454
1664,3,1664,1664
1665,4,1665,2032
1666,4,1666,2566
1667,4,1667,3816
1668,4,1668,1501
1669,4,1669,2825
1670,9,1670,3456
1671,4,1671,2626
1672,8,1672,3977
1673,4,1673,3519
1674,4,1674,833
1675,4,1675,605
1676,4,1676,291
1677,4,1677,4763
1678,5,1678,4341
1679,5,1679,199
1680,4,1680,4075
1681,4,1681,4333
1682,4,1682,1860
1683,4,1683,3299
1684,4,1684,2471
1685,4,1685,1767
1686,4,1686,1185
1687,4,1687,3129
1688,4,1688,44
1689,4,1689,926
1690,3,1690,2079
1691,4,1691,2912
1692,4,1692,456
1693,4,1693,3287
1694,4,1694,81
1695,4,1695,3227
1696,4,1696,2548
1697,4,1697,3861
1698,4,1698,1882
1699,4,1699,943
1700,4,1700,5016
1701,6,1701,2110
1702,8,1702,916
1703,4,1703,3231
1704,4,1704,3861
1705,6,1705,4402
1706,4,1706,2304
1707,4,1707,1066
1708,4,1708,4716
1709,4,1709,3858
1710,4,1710,4254
1711,3,1711,1800
1712,4,1712,25
1713,4,1713,3893
1714,4,1714,1044
1715,4,1715,1568
1716,4,1716,1547
1717,5,1717,787
1718,4,1718,795
1719,3,1719,2937
1720,4,1720,101
1721,4,1721,4831
1722,4,1722,648
1723,6,1723,1723
1724,4,1724,4570
1725,4,1725,3506
1726,4,1726,4612
1727,4,1727,1467
1728,4,1728,354
1729,4,1729,4388
1730,4,1730,2996
1731,4,1731,4008
1732,4,1732,1516
1733,4,1733,1541
1734,4,1734,4807
1735,4,1735,4787
1736,4,1736,1005
1737,4,1737,4315
1738,4,1738,3395
1739,4,1739,3155
1740,4,1740,3075
1741,4,1741,3671
1742,4,1742,2983
1743,4,1743,1158
1744,4,1744,163
1745,4,1745,5
1746,4,1746,1005
1747,4,1747,248
1748,3,1748,4923
1749,4,1749,2747
1750,4,1750,4963
1751,4,1751,4376
1752,4,1752,308
1753,4,1753,97
1754,4,1754,4421
1755,4,1755,1368
1756,4,1756,1434
1757,5,1757,640
1758,4,1758,491
1759,4,1759,482
1760,4,1760,3439
1761,4,1761,2126
1762,4,1762,1380
1763,4,1763,1649
1764,4,1764,2103
1765,3,1765,4472
1766,4,1766,2471
1767,4,1767,0
1768,4,1768,311
1769,4,1769,2054
1770,4,1770,477
1771,4,1771,2103
1772,4,1772,1942
1773,4,1773,2021
1774,4,1774,4807
1775,4,1775,4854
1776,4,1776,26
1777,4,1777,5
1778,4,1778,1013
1779,4,1779,163
1780,4,1780,1816
1781,4,1781,101
1782,4,1782,869
1783,4,1783,2108
1784,5,1784,4467
1785,5,1785,345
1786,4,1786,4343
1787,4,1787,2673
1788,4,1788,22
1789,4,1789,2920
1790,4,1790,4969
1791,4,1791,4034
1792,4,1792,2757
1793,9,1793,2411
1794,4,1794,248
1795,4,1795,1005
1796,4,1796,3423
1797,4,1797,3681
1798,4,1798,1882
1799,4,1799,3248
1800,3,1800,2350
1801,4,1801,1446
1802,4,1802,860
1803,4,1803,964
1804,4,1804,4514
1805,4,1805,3020
1806,4,1806,216
1807,4,1807,4835
1808,4,1808,1706
1809,4,1809,4899
1810,4,1810,2705
1811,4,1811,3671
1812,4,1812,4807
1813,4,1813,4749
1814,4,1814,4275
1815,4,1815,5002
1816,4,1816,3626
1817,9,1817,3499
1818,4,1818,5029
1819,4,1819,592
1820,4,1820,1818
1821,4,1821,320
1822,4,1822,4364
1823,5,1823,4256
1824,4,1824,4446
1825,4,1825,2109
1826,4,1826,1305
1827,4,1827,4172
1828,4,1828,2386
1829,4,1829,895
1830,5,1830,4537
1831,4,1831,3850
1832,4,1832,633
1833,4,1833,10
1834,4,1834,4982
1835,5,1835,1580
1836,3,1836,1191
1837,4,1837,4888
1838,4,1838,1852
1839,4,1839,2696
1840,4,1840,1380
1841,4,1841,2905
1842,4,1842,4947
1843,4,1843,4374
1844,4,1844,5184
1845,4,1845,1847
1846,9,1846,2411
1847,4,1847,965
1848,4,1848,1845
1849,4,1849,771
1850,4,1850,1281
1851,4,1851,3370
1852,4,1852,3858
1853,4,1853,491
1854,4,1854,2885
1855,4,1855,1008
1856,4,1856,1818
1857,4,1857,3470
1858,4,1858,0
1859,4,1859,194
1860,4,1860,4314
1861,4,1861,4856
1862,4,1862,804
1863,4,1863,2387
1864,4,1864,2207
1865,4,1865,5
1866,4,1866,351
1867,4,1867,2794
1868,4,1868,942
1869,4,1869,1507
1870,4,1870,2521
1871,4,1871,0
1872,4,1872,2488
1873,4,1873,2471
1874,4,1874,3541
1875,4,1875,3287
1876,4,1876,3011
1877,8,1877,3086
1878,4,1878,4208
1879,4,1879,3437
1880,4,1880,4524
1881,4,1881,2782
1882,4,1882,1337
1883,4,1883,536
1884,4,1884,1516
1885,4,1885,4773
1886,4,1886,4274
1887,4,1887,4031
1888,4,1888,804
1889,4,1889,107
1890,4,1890,3496
1891,4,1891,3058
1892,4,1892,4788
1893,4,1893,5101
1894,4,1894,3468
1895,4,1895,821
1896,8,1896,386
1897,4,1897,2256
1898,4,1898,596
1899,4,1899,1529
1900,4,1900,592
1901,4,1901,835
1902,4,1902,1352
1903,4,1903,4637
1904,4,1904,4019
1905,4,1905,1755
1906,0,1906,5169
1907,4,1907,2900
1908,4,1908,529
1909,4,1909,2932
1910,4,1910,1133
1911,4,1911,482
1912,4,1912,2103
1913,4,1913,2740
1914,4,1914,97
1915,4,1915,3211
1916,3,1916,24
1917,4,1917,760
1918,4,1918,4596
1919,4,1919,153
1920,4,1920,399
1921,4,1921,1005
1922,4,1922,2223
1923,4,1923,1432
1924,4,1924,2463
1925,4,1925,1977
1926,4,1926,86
1927,4,1927,1133
1928,4,1928,1076
1929,4,1929,4325
1930,4,1930,4314
1931,4,1931,1682
1932,4,1932,2355
1933,4,1933,3799
1934,4,1934,2228
1935,4,1935,4690
1936,4,1936,311
1937,4,1937,1960
1938,4,1938,2799
1939,4,1939,353
1940,4,1940,2678
1941,4,1941,5
1942,4,1942,2696
1943,4,1943,3380
1944,4,1944,547
1945,4,1945,4563
1946,4,1946,195
1947,4,1947,1339
1948,4,1948,1983
1949,4,1949,3684
1950,4,1950,2750
1951,4,1951,2338
1952,9,1952,17
1953,4,1953,2094
1954,4,1954,1474
1955,4,1955,4790
1956,4,1956,1112
1957,4,1957,2236
1958,4,1958,2747
1959,4,1959,101
1960,4,1960,536
1961,4,1961,1680
1962,4,1962,4138
1963,4,1963,3367
1964,4,1964,2689
1965,4,1965,875
1966,4,1966,471
1967,6,1967,1015
1968,8,1968,386
1969,4,1969,4364
1970,4,1970,2112
1971,9,1971,1144
1972,4,1972,4801
1973,4,1973,88
1974,4,1974,335
1975,4,1975,4824
1976,4,1976,2441
1977,4,1977,1351
1978,4,1978,1182
1979,4,1979,2791
1980,4,1980,474
1981,4,1981,1154
1982,4,1982,4745
1983,4,1983,1630
1984,4,1984,3299
1985,4,1985,4021
1986,4,1986,1685
1987,10,1987,1987
1988,4,1988,4139
1989,4,1989,4498
1990,4,1990,2918
1991,4,1991,3113
1992,4,1992,163
1993,4,1993,1493
1994,4,1994,3492
1995,4,1995,1981
1996,4,1996,0
1997,4,1997,4515
1998,8,1998,58
1999,4,1999,248
2000,4,2000,4620
2001,4,2001,3825
2002,4,2002,1501
2003,4,2003,1317
2004,4,2004,4615
2005,4,2005,972
2006,4,2006,2679
2007,4,2007,840
2008,3,2008,2452
2009,4,2009,1933
2010,4,2010,248
2011,4,2011,3989
2012,4,2012,434
2013,4,2013,4265
2014,4,2014,2964
2015,4,2015,1868
2016,4,2016,163
2017,4,2017,1961
2018,4,2018,3944
2019,4,2019,389
2020,4,2020,3920
2021,4,2021,2902
2022,7,2022,2022
2023,4,2023,3445
2024,4,2024,4549
2025,4,2025,4275
2026,4,2026,1582
2027,4,2027,1574
2028,4,2028,4208
2029,4,2029,1966
2030,4,2030,1238
2031,4,2031,4360
2032,4,2032,1398
2033,4,2033,4323
2034,4,2034,2648
2035,4,2035,602
2036,4,2036,4246
2037,4,2037,477
2038,4,2038,410
2039,4,2039,5153
2040,4,2040,4112
2041,4,2041,808
2042,4,2042,3152
2043,4,2043,3382
2044,4,2044,751
2045,4,2045,101
2046,4,2046,3398
2047,4,2047,1330
2048,4,2048,723
2049,5,2049,2399
2050,4,2050,842
2051,4,2051,4958
2052,4,2052,0
2053,5,2053,3311
2054,4,2054,4835
2055,4,2055,1553
2056,4,2056,474
2057,4,2057,2524
2058,4,2058,94
2059,3,2059,2937
2060,4,2060,1759
2061,4,2061,2311
2062,4,2062,2656
2063,4,2063,956
2064,4,2064,2575
2065,3,2065,38
2066,4,2066,163
2067,4,2067,2965
2068,5,2068,640
2069,4,2069,3352
2070,4,2070,4003
2071,4,2071,4408
2072,4,2072,372
2073,4,2073,2818
2074,4,2074,2678
2075,4,2075,4928
2076,4,2076,1842
2077,4,2077,3089
2078,4,2078,2762
2079,3,2079,1103
2080,4,2080,2818
2081,4,2081,434
2082,5,2082,3493
2083,4,2083,2103
2084,4,2084,5090
2085,9,2085,2856
2086,4,2086,0
2087,4,2087,113
2088,4,2088,2104
2089,4,2089,1157
2090,4,2090,1594
2091,4,2091,1415
2092,5,2092,963
2093,5,2093,3081
2094,4,2094,806
2095,4,2095,3834
2096,4,2096,2902
2097,4,2097,3217
2098,4,2098,4814
2099,4,2099,936
2100,4,2100,5047
2101,4,2101,2228
2102,4,2102,2527
2103,4,2103,1346
2104,4,2104,642
2105,4,2105,320
2106,4,2106,3670
2107,4,2107,970
2108,4,2108,4404
2109,4,2109,1323
2110,6,2110,4509
2111,8,2111,4151
2112,4,2112,248
2113,4,2113,967
2114,4,2114,1392
2115,4,2115,3570
2116,3,2116,1690
2117,4,2117,2657
2118,4,2118,4152
2119,4,2119,5082
2120,4,2120,786
2121,4,2121,2800
2122,4,2122,903
2123,4,2123,1168
2124,4,2124,4345
2125,4,2125,633
2126,4,2126,1248
2127,4,2127,3607
2128,4,2128,2681
2129,4,2129,328
2130,4,2130,4690
2131,4,2131,3527
2132,4,2132,1887
2133,4,2133,231
2134,4,2134,1446
2135,4,2135,3476
2136,4,2136,136
2137,4,2137,4464
2138,4,2138,3407
2139,4,2139,2804
2140,4,2140,3893
2141,4,2141,4679
2142,4,2142,165
2143,4,2143,2173
2144,4,2144,2818
2145,4,2145,4434
2146,4,2146,49
2147,4,2147,320
2148,4,2148,1475
2149,4,2149,1818
2150,4,2150,2072
2151,4,2151,4583
2152,4,2152,791
2153,4,2153,4404
2154,4,2154,4555
2155,6,2155,447
2156,4,2156,4003
2157,4,2157,3084
2158,4,2158,1248
2159,4,2159,2265
2160,4,2160,2283
2161,4,2161,1013
2162,4,2162,4286
2163,9,2163,1140
2164,4,2164,1280
2165,4,2165,2023
2166,4,2166,1239
2167,4,2167,2565
2168,8,2168,58
2169,4,2169,926
2170,4,2170,4129
2171,4,2171,3632
2172,4,2172,0
2173,4,2173,3258
2174,4,2174,10
2175,4,2175,3608
2176,4,2176,1392
2177,4,2177,882
2178,4,2178,3310
2179,4,2179,4187
2180,4,2180,547
2181,4,2181,3825
2182,4,2182,4449
2183,4,2183,3369
2184,4,2184,3867
2185,4,2185,1029
2186,4,2186,4844
2187,4,2187,2742
2188,4,2188,1529
2189,4,2189,5047
2190,4,2190,0
2191,4,2191,2918
2192,5,2192,1482
2193,4,2193,1938
2194,4,2194,4373
2195,4,2195,163
2196,4,2196,2921
2197,4,2197,897
2198,4,2198,2902
2199,5,2199,1580
2200,4,2200,3608
2201,4,2201,2465
2202,5,2202,832
2203,8,2203,386
2204,4,2204,4201
2205,4,2205,0
2206,4,2206,4119
2207,4,2207,1537
2208,4,2208,3352
2209,4,2209,560
2210,4,2210,4201
2211,5,2211,4706
2212,4,2212,3928
2213,4,2213,1345
2214,4,2214,3639
2215,8,2215,2409
2216,4,2216,2890
2217,4,2217,10
2218,5,2218,207
2219,4,2219,3928
2220,4,2220,4820
2221,4,2221,1041
2222,4,2222,4683
2223,4,2223,1010
2224,5,2224,2707
2225,4,2225,5143
2226,4,2226,4707
2227,4,2227,2334
2228,4,2228,897
2229,4,2229,2916
2230,4,2230,2497
2231,4,2231,4958
2232,4,2232,3759
2233,4,2233,4873
2234,4,2234,663
2235,4,2235,2841
2236,4,2236,4308
2237,4,2237,551
2238,4,2238,1818
2239,4,2239,4954
2240,3,2240,3599
2241,4,2241,4679
2242,4,2242,309
2243,4,2243,4576
2244,4,2244,3138
2245,4,2245,4971
2246,4,2246,3460
2247,4,2247,1031
2248,4,2248,4599
2249,4,2249,1931
2250,4,2250,1501
2251,4,2251,6
2252,4,2252,4495
2253,4,2253,3067
2254,4,2254,835
2255,4,2255,2148
2256,4,2256,668
2257,4,2257,78
2258,4,2258,164
2259,3,2259,24
2260,4,2260,4116
2261,4,2261,4458
2262,4,2262,3722
2263,4,2263,163
2264,4,2264,3597
2265,4,2265,104
2266,4,2266,4646
2267,4,2267,2160
2268,4,2268,1487
2269,4,2269,249
2270,4,2270,1474
2271,4,2271,4766
2272,3,2272,969
2273,4,2273,1229
2274,4,2274,0
2275,4,2275,1422
2276,4,2276,2791
2277,4,2277,3755
2278,4,2278,2613
2279,4,2279,3940
2280,4,2280,4142
2281,4,2281,1122
2282,4,2282,987
2283,4,2283,3075
2284,4,2284,965
2285,4,2285,3352
2286,6,2286,2961
2287,4,2287,4936
2288,4,2288,3008
2289,4,2289,2926
2290,4,2290,1304
2291,5,2291,1482
2292,6,2292,4402
2293,4,2293,1661
2294,4,2294,3230
2295,4,2295,3541
2296,4,2296,79
2297,4,2297,3172
2298,4,2298,2841
2299,4,2299,1133
2300,4,2300,2400
2301,4,2301,3317
2302,4,2302,4807
2303,4,2303,1465
2304,4,2304,1779
2305,4,2305,2870
2306,4,2306,2724
2307,4,2307,1599
2308,4,2308,3295
2309,4,2309,1633
2310,4,2310,1874
2311,4,2311,1023
2312,4,2312,2258
2313,4,2313,895
2314,4,2314,1005
2315,4,2315,4100
2316,4,2316,4254
2317,4,2317,893
2318,4,2318,4308
2319,4,2319,4181
2320,4,2320,3386
2321,4,2321,4841
2322,4,2322,2394
2323,5,2323,4065
2324,4,2324,5044
2325,4,2325,3826
2326,4,2326,1603
2327,9,2327,2411
2328,4,2328,136
2329,4,2329,2841
2330,4,2330,4031
2331,4,2331,2776
2332,4,2332,3068
2333,4,2333,1432
2334,4,2334,806
2335,4,2335,3146
2336,4,2336,1023
2337,3,2337,3509
2338,4,2338,2062
2339,4,2339,1951
2340,4,2340,1747
2341,4,2341,377
2342,4,2342,1762
2343,4,2343,4239
2344,4,2344,323
2345,5,2345,2692
2346,4,2346,1122
2347,4,2347,1320
2348,5,2348,1105
2349,4,2349,4585
2350,3,2350,1103
2351,4,2351,4249
2352,5,2352,2202
2353,4,2353,637
2354,10,2354,1987
2355,4,2355,3944
2356,4,2356,1941
2357,4,2357,4308
2358,4,2358,1023
2359,4,2359,195
2360,4,2360,4315
2361,4,2361,1799
2362,4,2362,3067
2363,4,2363,892
2364,4,2364,926
2365,4,2365,723
2366,4,2366,2644
2367,4,2367,121
2368,5,2368,3493
2369,4,2369,847
2370,4,2370,892
2371,4,2371,1673
2372,4,2372,5036
2373,4,2373,1008
2374,4,2374,664
2375,4,2375,3740
2376,4,2376,3626
2377,4,2377,1432
2378,5,2378,4007
2379,4,2379,755
2380,4,2380,181
2381,4,2381,1127
2382,5,2382,27
2383,4,2383,264
2384,4,2384,492
2385,4,2385,4959
2386,4,2386,4760
2387,4,2387,3411
2388,4,2388,2848
2389,4,2389,2225
2390,4,2390,1578
2391,4,2391,1392
2392,4,2392,3118
2393,4,2393,2932
2394,4,2394,2446
2395,4,2395,1321
2396,4,2396,1012
2397,9,2397,2856
2398,5,2398,623
2399,5,2399,4588
2400,4,2400,2678
2401,4,2401,3264
2402,4,2402,3193
2403,5,2403,2049
2404,4,2404,3852
2405,4,2405,2074
2406,5,2406,3071
2407,4,2407,4326
2408,4,2408,3070
2409,8,2409,1702
2410,4,2410,1189
2411,9,2411,17
2412,6,2412,3775
2413,6,2413,3444
2414,4,2414,584
2415,4,2415,1392
2416,4,2416,668
2417,4,2417,351
2418,4,2418,1184
2419,4,2419,2077
2420,4,2420,3797
2421,4,2421,1474
2422,4,2422,2658
2423,4,2423,4972
2424,4,2424,1568
2425,4,2425,2194
2426,4,2426,1660
2427,7,2427,2427
2428,4,2428,2072
2429,4,2429,2064
2430,4,2430,791
2431,4,2431,492
2432,4,2432,3859
2433,4,2433,3089
2434,4,2434,1163
2435,4,2435,892
2436,4,2436,982
2437,4,2437,2546
2438,4,2438,422
2439,4,2439,460
2440,4,2440,2693
2441,4,2441,4300
2442,4,2442,353
2443,4,2443,4100
2444,4,2444,3231
2445,4,2445,3232
2446,4,2446,4372
2447,4,2447,3614
2448,8,2448,3389
2449,4,2449,850
2450,4,2450,5006
2451,4,2451,5146
2452,3,2452,1618
2453,4,2453,357
2454,4,2454,4032
2455,4,2455,4997
2456,4,2456,665
2457,4,2457,482
2458,4,2458,3141
2459,4,2459,231
2460,4,2460,4794
2461,4,2461,98
2462,4,2462,2299
2463,4,2463,2591
2464,4,2464,1924
2465,4,2465,1123
2466,4,2466,554
2467,4,2467,4191
2468,4,2468,1596
2469,4,2469,185
2470,4,2470,1238
2471,4,2471,1368
2472,4,2472,943
2473,4,2473,421
2474,4,2474,4366
2475,6,2475,2961
2476,5,2476,345
2477,4,2477,2071
2478,4,2478,2693
2479,4,2479,4116
2480,4,2480,5065
2481,4,2481,215
2482,4,2482,3885
2483,4,2483,652
2484,4,2484,3213
2485,4,2485,4774
2486,4,2486,2365
2487,4,2487,5
2488,4,2488,3333
2489,4,2489,4112
2490,4,2490,952
2491,4,2491,3640
2492,4,2492,2876
2493,4,2493,2909
2494,4,2494,254
2495,4,2495,4870
2496,4,2496,1673
2497,4,2497,3353
2498,5,2498,4007
2499,4,2499,1398
2500,3,2500,2008
2501,4,2501,3468
2502,4,2502,3059
2503,4,2503,2588
2504,4,2504,3783
2505,4,2505,5160
2506,4,2506,4148
2507,4,2507,786
2508,4,2508,559
2509,4,2509,4933
2510,4,2510,825
2511,4,2511,964
2512,4,2512,3107
2513,4,2513,936
2514,4,2514,1764
2515,4,2515,1818
2516,7,2516,2427
2517,3,2517,1618
2518,4,2518,215
2519,4,2519,3250
2520,4,2520,1514
2521,4,2521,1073
2522,4,2522,1870
2523,4,2523,3915
2524,4,2524,1866
2525,5,2525,4222
2526,4,2526,4315
2527,4,2527,592
2528,4,2528,4232
2529,4,2529,4638
2530,4,2530,4098
2531,4,2531,248
2532,4,2532,2880
2533,4,2533,4665
2534,4,2534,5151
2535,7,2535,1512
2536,4,2536,4558
2537,4,2537,3834
2538,4,2538,3113
2539,4,2539,3151
2540,4,2540,1475
2541,4,2541,3566
2542,4,2542,987
2543,4,2543,4408
2544,4,2544,4710
2545,4,2545,3825
2546,4,2546,857
2547,4,2547,1497
2548,4,2548,250
2549,4,2549,3000
2550,4,2550,1128
2551,4,2551,3094
2552,4,2552,4274
2553,4,2553,2229
2554,4,2554,2071
2555,4,2555,967
2556,4,2556,2969
2557,4,2557,1374
2558,4,2558,4640
2559,4,2559,4388
2560,4,2560,1747
2561,4,2561,2975
2562,4,2562,1759
2563,4,2563,1636
2564,4,2564,3784
2565,4,2565,1770
2566,4,2566,2519
2567,4,2567,3470
2568,4,2568,829
2569,4,2569,4267
2570,4,2570,1474
2571,4,2571,847
2572,4,2572,5044
2573,4,2573,1637
2574,6,2574,9
2575,4,2575,3818
2576,4,2576,2064
2577,4,2577,2611
2578,4,2578,795
2579,4,2579,4620
2580,4,2580,1286
2581,4,2581,1493
2582,4,2582,926
2583,4,2583,4963
2584,4,2584,892
2585,5,2585,3967
2586,4,2586,4286
2587,4,2587,646
2588,4,2588,2229
2589,4,2589,2380
2590,4,2590,646
2591,4,2591,892
2592,4,2592,3445
2593,5,2593,1679
2594,4,2594,474
2595,4,2595,609
2596,4,2596,0
2597,4,2597,740
2598,4,2598,1443
2599,4,2599,2657
2600,4,2600,4357
2601,4,2601,2686
2602,4,2602,4685
2603,4,2603,4702
2604,4,2604,989
2605,4,2605,4182
2606,4,2606,2481
2607,4,2607,1942
2608,4,2608,3333
2609,4,2609,577
2610,4,2610,802
2611,4,2611,1464
2612,4,2612,2335
2613,4,2613,4279
2614,4,2614,2278
2615,4,2615,492
2616,4,2616,1106
2617,4,2617,2388
2618,4,2618,2747
2619,4,2619,2589
2620,4,2620,788
2621,4,2621,4623
2622,4,2622,0
2623,4,2623,2011
2624,4,2624,723
2625,5,2625,149
2626,4,2626,4649
2627,4,2627,1671
2628,5,2628,405
2629,10,2629,1297
2630,4,2630,1327
2631,4,2631,2648
2632,4,2632,871
2633,4,2633,4315
2634,4,2634,33
2635,4,2635,4254
2636,4,2636,3712
2637,4,2637,4041
2638,4,2638,2932
2639,5,2639,3530
2640,3,2640,2259
2641,4,2641,1320
2642,4,2642,144
2643,4,2643,3736
2644,4,2644,1344
2645,4,2645,2366
2646,4,2646,3059
2647,4,2647,938
2648,4,2648,1419
2649,4,2649,316
2650,4,2650,1636
2651,4,2651,1318
2652,4,2652,3816
2653,4,2653,4855
2654,4,2654,434
2655,4,2655,956
2656,4,2656,3706
2657,4,2657,2062
2658,4,2658,2712
2659,4,2659,4182
2660,9,2660,1793
2661,4,2661,2555
2662,4,2662,3541
2663,4,2663,1867
2664,4,2664,483
2665,5,2665,4661
2666,4,2666,475
2667,4,2667,248
2668,4,2668,1913
2669,4,2669,1859
2670,4,2670,2432
2671,4,2671,1341
2672,4,2672,1553
2673,4,2673,1493
2674,4,2674,1253
2675,4,2675,2993
2676,5,2676,4065
2677,4,2677,389
2678,4,2678,2169
2679,4,2679,4698
2680,4,2680,474
2681,4,2681,765
2682,4,2682,571
2683,4,2683,1165
2684,4,2684,3421
2685,4,2685,893
2686,4,2686,392
2687,4,2687,464
2688,4,2688,1493
2689,4,2689,3371
2690,4,2690,3302
2691,3,2691,1765
2692,5,2692,382
2693,4,2693,4717
2694,4,2694,1587
2695,4,2695,3748
2696,4,2696,2429
2697,4,2697,10
2698,4,2698,4138
2699,4,2699,583
2700,4,2700,2767
2701,4,2701,2555
2702,4,2702,216
2703,4,2703,1770
2704,4,2704,5171
2705,4,2705,4626
2706,4,2706,3664
2707,5,2707,4065
2708,3,2708,2059
2709,4,2709,474
2710,4,2710,4389
2711,4,2711,2643
2712,4,2712,12
2713,4,2713,2658
2714,4,2714,3196
2715,3,2715,2452
2716,4,2716,4348
2717,3,2717,2691
2718,4,2718,5146
2719,4,2719,871
2720,4,2720,2729
2721,4,2721,4855
2722,4,2722,101
2723,4,2723,3826
2724,4,2724,5012
2725,4,2725,4871
2726,4,2726,740
2727,4,2727,40
2728,4,2728,2014
2729,4,2729,3885
2730,4,2730,1443
2731,4,2731,1164
2732,4,2732,80
2733,4,2733,412
2734,8,2734,386
2735,4,2735,3258
2736,4,2736,306
2737,4,2737,2896
2738,4,2738,2225
2739,4,2739,4709
2740,4,2740,5
2741,4,2741,1395
2742,4,2742,1481
2743,8,2743,1702
2744,4,2744,3615
2745,4,2745,2963
2746,4,2746,4495
2747,4,2747,97
2748,4,2748,2087
2749,4,2749,2932
2750,4,2750,1464
2751,4,2751,3611
2752,4,2752,5143
2753,4,2753,268
2754,4,2754,1851
2755,4,2755,2736
2756,4,2756,4613
2757,4,2757,474
2758,4,2758,335
2759,4,2759,3096
2760,4,2760,3885
2761,4,2761,4739
2762,4,2762,663
2763,4,2763,2078
2764,4,2764,1961
2765,4,2765,4038
2766,4,2766,4019
2767,4,2767,76
2768,8,2768,58
2769,4,2769,5054
2770,4,2770,3421
2771,4,2771,2801
2772,4,2772,353
2773,4,2773,2141
2774,4,2774,954
2775,4,2775,4855
2776,4,2776,4900
2777,4,2777,4637
2778,4,2778,176
2779,4,2779,3959
2780,4,2780,3000
2781,4,2781,869
2782,4,2782,4690
2783,4,2783,4116
2784,4,2784,2324
2785,5,2785,405
2786,4,2786,4707
2787,4,2787,1493
2788,4,2788,304
2789,4,2789,1187
2790,4,2790,437
2791,4,2791,95
2792,4,2792,1153
2793,4,2793,3197
2794,4,2794,353
2795,4,2795,1539
2796,4,2796,3049
2797,4,2797,2975
2798,9,2798,2660
2799,4,2799,733
2800,4,2800,2336
2801,4,2801,2741
2802,4,2802,2887
2803,4,2803,3861
2804,4,2804,3111
2805,4,2805,3321
2806,4,2806,493
2807,4,2807,560
2808,4,2808,4373
2809,4,2809,4576
2810,4,2810,2932
2811,4,2811,3441
2812,4,2812,809
2813,4,2813,719
2814,4,2814,4143
2815,4,2815,4738
2816,4,2816,2470
2817,4,2817,3470
2818,4,2818,3826
2819,4,2819,4714
2820,4,2820,4290
2821,4,2821,1818
2822,4,2822,1606
2823,4,2823,1675
2824,5,2824,2403
2825,4,2825,2229
2826,4,2826,163
2827,4,2827,4098
2828,4,2828,4206
2829,4,2829,367
2830,4,2830,4752
2831,4,2831,351
2832,4,2832,5027
2833,4,2833,2725
2834,4,2834,1595
2835,4,2835,926
2836,4,2836,163
2837,4,2837,2087
2838,4,2838,89
2839,4,2839,307
2840,0,2840,184
2841,4,2841,1173
2842,4,2842,895
2843,4,2843,3273
2844,4,2844,264
2845,4,2845,3450
2846,4,2846,10
2847,4,2847,1974
2848,4,2848,4690
2849,4,2849,2388
2850,4,2850,1123
2851,4,2851,1027
2852,4,2852,806
2853,4,2853,304
2854,4,2854,4021
2855,4,2855,3702
2856,9,2856,2660
2857,4,2857,2204
2858,4,2858,298
2859,4,2859,2567
2860,4,2860,3133
2861,4,2861,871
2862,4,2862,10
2863,4,2863,2158
2864,4,2864,3177
2865,5,2865,405
2866,4,2866,2826
2867,4,2867,419
2868,4,2868,4290
2869,4,2869,0
2870,4,2870,1709
2871,4,2871,2305
2872,4,2872,4957
2873,4,2873,3861
2874,4,2874,1652
2875,4,2875,1474
2876,4,2876,410
2877,4,2877,10
2878,4,2878,500
2879,4,2879,3352
2880,4,2880,5
2881,4,2881,1123
2882,4,2882,2127
2883,4,2883,514
2884,9,2884,4029
2885,4,2885,3468
2886,4,2886,524
2887,4,2887,4170
2888,4,2888,2802
2889,4,2889,1533
2890,4,2890,1476
2891,4,2891,3506
2892,4,2892,1373
2893,4,2893,3440
2894,4,2894,458
2895,4,2895,4846
2896,4,2896,3725
2897,4,2897,4748
2898,4,2898,0
2899,4,2899,1424
2900,4,2900,1485
2901,4,2901,2962
2902,4,2902,3713
2903,4,2903,3821
2904,4,2904,5029
2905,4,2905,69
2906,4,2906,1841
2907,4,2907,4963
2908,4,2908,3233
2909,4,2909,3299
2910,4,2910,1238
2911,4,2911,3735
2912,4,2912,1814
2913,4,2913,165
2914,5,2914,4127
2915,4,2915,926
2916,4,2916,101
2917,4,2917,2229
2918,4,2918,2926
2919,4,2919,5
2920,4,2920,101
2921,4,2921,163
2922,4,2922,2196
2923,4,2923,1474
2924,4,2924,3858
2925,4,2925,248
2926,4,2926,4806
2927,4,2927,458
2928,4,2928,3957
2929,4,2929,4129
2930,4,2930,2614
2931,4,2931,3404
2932,4,2932,1643
2933,4,2933,2393
2934,4,2934,21
2935,4,2935,4583
2936,4,2936,389
2937,3,2937,1191
2938,4,2938,4589
2939,4,2939,1671
2940,4,2940,482
2941,4,2941,3657
2942,4,2942,120
2943,4,2943,2442
2944,4,2944,0
2945,4,2945,1842
2946,4,2946,1474
2947,4,2947,173
2948,4,2948,3712
2949,4,2949,3263
2950,4,2950,895
2951,4,2951,4255
2952,4,2952,2335
2953,4,2953,670
2954,4,2954,1073
2955,4,2955,2296
2956,4,2956,468
2957,4,2957,5
2958,4,2958,4668
2959,4,2959,549
2960,6,2960,2413
2961,6,2961,2413
2962,4,2962,4876
2963,4,2963,2901
2964,4,2964,2745
2965,4,2965,978
2966,4,2966,198
2967,4,2967,2757
2968,4,2968,1356
2969,4,2969,4499
2970,4,2970,2556
2971,8,2971,4335
2972,4,2972,3114
2973,4,2973,2751
2974,9,2974,4765
2975,4,2975,808
2976,4,2976,3957
2977,4,2977,733
2978,4,2978,4515
2979,4,2979,3885
2980,4,2980,0
2981,4,2981,1841
2982,4,2982,3131
2983,4,2983,4300
2984,5,2984,3167
2985,4,2985,21
2986,4,2986,2206
2987,4,2987,0
2988,4,2988,719
2989,4,2989,1059
2990,4,2990,3075
2991,4,2991,2930
2992,4,2992,2849
2993,4,2993,875
2994,4,2994,2137
2995,4,2995,3348
2996,4,2996,2906
2997,4,2997,1730
2998,4,2998,694
2999,4,2999,1356
3000,4,3000,3148
3001,4,3001,2549
3002,4,3002,3852
3003,4,3003,316
3004,4,3004,5013
3005,4,3005,1141
3006,4,3006,6
3007,4,3007,3959
3008,4,3008,1543
3009,5,3009,3137
3010,4,3010,2308
3011,4,3011,3371
3012,4,3012,3075
3013,5,3013,963
3014,4,3014,2711
3015,4,3015,4840
3016,4,3016,4482
3017,3,3017,2059
3018,4,3018,6
3019,4,3019,2127
3020,4,3020,1452
3021,4,3021,1805
3022,4,3022,1305
3023,4,3023,4958
3024,4,3024,4957
3025,4,3025,2078
3026,4,3026,0
3027,4,3027,4835
3028,4,3028,559
3029,4,3029,5144
3030,4,3030,4953
3031,4,3031,4296
3032,4,3032,2544
3033,4,3033,2891
3034,5,3034,1170
3035,4,3035,136
3036,5,3036,3967
3037,4,3037,3753
3038,4,3038,1189
3039,4,3039,3054
3040,4,3040,795
3041,4,3041,163
3042,4,3042,2307
3043,4,3043,4515
3044,4,3044,4274
3045,4,3045,1403
3046,4,3046,353
3047,4,3047,3879
3048,4,3048,101
3049,4,3049,101
3050,4,3050,107
3051,4,3051,5137
3052,4,3052,1529
3053,4,3053,841
3054,4,3054,1462
3055,4,3055,3039
3056,4,3056,1189
3057,4,3057,1539
3058,4,3058,1671
3059,4,3059,1891
3060,4,3060,272
3061,4,3061,124
3062,4,3062,4757
3063,4,3063,1818
3064,4,3064,4637
3065,8,3065,3065
3066,4,3066,4626
3067,4,3067,0
3068,4,3068,4463
3069,4,3069,583
3070,4,3070,4728
3071,5,3071,4467
3072,4,3072,4485
3073,4,3073,4353
3074,4,3074,3114
3075,4,3075,663
3076,4,3076,4246
3077,2,3077,4535
3078,4,3078,3056
3079,0,3079,4811
3080,4,3080,3801
3081,5,3081,555
3082,4,3082,1403
3083,4,3083,5152
3084,4,3084,574
3085,4,3085,834
3086,8,3086,386
3087,4,3087,926
3088,4,3088,0
3089,4,3089,33
3090,4,3090,3400
3091,4,3091,956
3092,4,3092,1368
3093,4,3093,434
3094,4,3094,4584
3095,4,3095,5
3096,4,3096,1398
3097,5,3097,4310
3098,4,3098,4707
3099,4,3099,1814
3100,4,3100,5044
3101,4,3101,4589
3102,4,3102,4786
3103,4,3103,136
3104,4,3104,3701
3105,4,3105,1766
3106,4,3106,101
3107,4,3107,3154
3108,4,3108,3935
3109,4,3109,4928
3110,4,3110,1633
3111,4,3111,5012
3112,4,3112,4409
3113,4,3113,2466
3114,4,3114,1128
3115,4,3115,3074
3116,4,3116,826
3117,4,3117,1123
3118,4,3118,163
3119,4,3119,155
3120,4,3120,2792
3121,4,3121,4932
3122,4,3122,3611
3123,4,3123,26
3124,4,3124,4855
3125,4,3125,2472
3126,4,3126,4982
3127,4,3127,2921
3128,4,3128,592
3129,4,3129,2544
3130,4,3130,3458
3131,4,3131,759
3132,4,3132,2095
3133,4,3133,80
3134,4,3134,4665
3135,5,3135,4481
3136,4,3136,4208
3137,5,3137,1835
3138,4,3138,1734
3139,4,3139,2244
3140,4,3140,1123
3141,4,3141,4644
3142,4,3142,2458
3143,4,3143,162
3144,3,3144,4472
3145,4,3145,162
3146,4,3146,806
3147,4,3147,2335
3148,4,3148,141
3149,4,3149,1493
3150,4,3150,4041
3151,4,3151,359
3152,4,3152,1737
3153,4,3153,1454
3154,4,3154,309
3155,4,3155,3558
3156,4,3156,2764
3157,4,3157,4429
3158,4,3158,3001
3159,4,3159,5090
3160,4,3160,1746
3161,4,3161,5029
3162,5,3162,3009
3163,4,3163,4626
3164,4,3164,847
3165,4,3165,309
3166,4,3166,1325
3167,5,3167,3311
3168,4,3168,3834
3169,4,3169,3940
3170,4,3170,21
3171,4,3171,4686
3172,4,3172,3039
3173,4,3173,101
3174,4,3174,3648
3175,4,3175,2851
3176,4,3176,3722
3177,4,3177,2031
3178,4,3178,2864
3179,4,3179,2675
3180,4,3180,4380
3181,4,3181,417
3182,4,3182,72
3183,4,3183,1189
3184,4,3184,2891
3185,4,3185,0
3186,4,3186,2268
3187,4,3187,2901
3188,4,3188,3076
3189,4,3189,3633
3190,4,3190,1493
3191,4,3191,4562
3192,4,3192,450
3193,4,3193,4646
3194,4,3194,4315
3195,4,3195,0
3196,4,3196,211
3197,4,3197,1913
3198,4,3198,1202
3199,4,3199,3686
3200,4,3200,3570
3201,4,3201,1493
3202,4,3202,3722
3203,4,3203,1470
3204,4,3204,1868
3205,4,3205,2802
3206,4,3206,3146
3207,4,3207,1547
3208,4,3208,2934
3209,4,3209,4021
3210,4,3210,3640
3211,4,3211,2499
3212,4,3212,936
3213,4,3213,3230
3214,4,3214,2484
3215,4,3215,4752
3216,4,3216,413
3217,4,3217,4844
3218,4,3218,3025
3219,4,3219,3388
3220,4,3220,3629
3221,4,3221,2781
3222,4,3222,3722
3223,4,3223,2472
3224,4,3224,733
3225,4,3225,1092
3226,4,3226,3437
3227,4,3227,1123
3228,4,3228,3940
3229,4,3229,1139
3230,4,3230,1160
3231,4,3231,3213
3232,4,3232,4328
3233,4,3233,4361
3234,6,3234,4210
3235,4,3235,2908
3236,4,3236,1740
3237,4,3237,1392
3238,4,3238,2485
3239,4,3239,1680
3240,4,3240,2229
3241,3,3241,24
3242,4,3242,5
3243,4,3243,4019
3244,4,3244,1361
3245,4,3245,4644
3246,4,3246,4350
3247,4,3247,4729
3248,4,3248,5160
3249,4,3249,3951
3250,4,3250,4364
3251,4,3251,2519
3252,4,3252,492
3253,4,3253,5
3254,4,3254,3386
3255,4,3255,1252
3256,4,3256,1493
3257,4,3257,5
3258,4,3258,5153
3259,8,3259,1256
3260,4,3260,1094
3261,4,3261,2264
3262,4,3262,1715
3263,4,3263,1737
3264,4,3264,2949
3265,4,3265,2401
3266,4,3266,3640
3267,4,3267,804
3268,3,3268,3292
3269,4,3269,989
3270,4,3270,4612
3271,4,3271,3900
3272,4,3272,885
3273,4,3273,309
3274,4,3274,2843
3275,4,3275,2380
3276,4,3276,2976
3277,4,3277,1178
3278,4,3278,4717
3279,4,3279,3763
3280,4,3280,2674
3281,4,3281,101
3282,4,3282,1464
3283,4,3283,2976
3284,4,3284,3595
3285,4,3285,98
3286,4,3286,3852
3287,4,3287,114
3288,4,3288,2544
3289,4,3289,2547
3290,4,3290,1058
3291,4,3291,5139
3292,3,3292,645
3293,4,3293,3426
3294,4,3294,509
3295,4,3295,1123
3296,4,3296,4590
3297,4,3297,3940
3298,4,3298,228
3299,4,3299,10
3300,4,3300,2909
3301,4,3301,4936
3302,4,3302,2499
3303,2,3303,4535
3304,4,3304,161
3305,4,3305,2458
3306,4,3306,5013
3307,4,3307,4003
3308,4,3308,2819
3309,4,3309,3574
3310,4,3310,2679
3311,5,3311,4065
3312,4,3312,1023
3313,4,3313,3901
3314,4,3314,1133
3315,4,3315,936
3316,4,3316,2298
3317,4,3317,2791
3318,4,3318,1432
3319,4,3319,141
3320,9,3320,2884
3321,4,3321,315
3322,4,3322,2805
3323,4,3323,3130
3324,4,3324,89
3325,4,3325,0
3326,4,3326,2104
3327,4,3327,1190
3328,4,3328,3494
3329,4,3329,1609
3330,4,3330,409
3331,4,3331,2037
3332,4,3332,4702
3333,4,3333,1984
3334,4,3334,798
3335,4,3335,1914
3336,3,3336,3396
3337,4,3337,3914
3338,4,3338,1818
3339,3,3339,4631
3340,5,3340,3167
3341,4,3341,878
3342,4,3342,1005
3343,4,3343,3250
3344,4,3344,2564
3345,4,3345,653
3346,4,3346,2254
3347,4,3347,3348
3348,4,3348,2072
3349,5,3349,27
3350,4,3350,3470
3351,4,3351,914
3352,4,3352,4540
3353,4,3353,495
3354,4,3354,2497
3355,4,3355,3409
3356,4,3356,456
3357,4,3357,2466
3358,4,3358,3629
3359,0,3359,184
3360,4,3360,248
3361,4,3361,410
3362,4,3362,2753
3363,4,3363,4752
3364,4,3364,353
3365,4,3365,0
3366,4,3366,1964
3367,4,3367,2571
3368,4,3368,4364
3369,4,3369,663
3370,4,3370,1493
3371,4,3371,2567
3372,4,3372,3706
3373,4,3373,2997
3374,4,3374,2819
3375,4,3375,989
3376,4,3376,3238
3377,4,3377,553
3378,4,3378,1392
3379,4,3379,3964
3380,4,3380,4275
3381,4,3381,1192
3382,4,3382,871
3383,4,3383,1768
3384,4,3384,101
3385,4,3385,1636
3386,4,3386,1582
3387,4,3387,2320
3388,4,3388,4528
3389,8,3389,1256
3390,4,3390,1706
3391,4,3391,2771
3392,4,3392,3526
3393,4,3393,2534
3394,4,3394,4687
3395,4,3395,165
3396,3,3396,2337
3397,4,3397,3536
3398,4,3398,536
3399,4,3399,4350
3400,4,3400,1747
3401,4,3401,3090
3402,5,3402,883
3403,4,3403,304
3404,4,3404,3805
3405,4,3405,1914
3406,4,3406,1526
3407,4,3407,479
3408,4,3408,2138
3409,4,3409,4686
3410,4,3410,5137
3411,4,3411,4138
3412,4,3412,2387
3413,4,3413,1392
3414,8,3414,2448
3415,4,3415,385
3416,4,3416,823
3417,4,3417,5160
3418,4,3418,1553
3419,4,3419,868
3420,4,3420,5048
3421,4,3421,4882
3422,4,3422,2770
3423,4,3423,795
3424,4,3424,733
3425,4,3425,940
3426,4,3426,3470
3427,4,3427,3293
3428,9,3428,3726
3429,4,3429,135
3430,8,3430,58
3431,4,3431,2925
3432,4,3432,1470
3433,4,3433,395
3434,4,3434,2958
3435,4,3435,4142
3436,4,3436,4285
3437,4,3437,842
3438,4,3438,844
3439,4,3439,4411
3440,4,3440,3903
3441,4,3441,155
3442,3,3442,3336
3443,4,3443,1393
3444,6,3444,2413
3445,4,3445,0
3446,4,3446,2023
3447,4,3447,4411
3448,4,3448,4644
3449,4,3449,119
3450,4,3450,1391
3451,4,3451,4315
3452,4,3452,3068
3453,4,3453,2901
3454,4,3454,110
3455,4,3455,1663
3456,9,3456,2163
3457,4,3457,3350
3458,4,3458,5
3459,3,3459,3509
3460,4,3460,1229
3461,4,3461,3940
3462,4,3462,4980
3463,4,3463,833
3464,4,3464,3323
3465,4,3465,4507
3466,4,3466,2319
3467,4,3467,3826
3468,4,3468,3422
3469,4,3469,19
3470,4,3470,5013
3471,4,3471,2567
3472,4,3472,1189
3473,4,3473,1547
3474,4,3474,101
3475,4,3475,0
3476,4,3476,264
3477,4,3477,2526
3478,4,3478,642
3479,4,3479,5029
3480,4,3480,732
3481,4,3481,1621
3482,4,3482,2023
3483,4,3483,5
3484,4,3484,4031
3485,4,3485,3713
3486,4,3486,4142
3487,4,3487,2125
3488,4,3488,5046
3489,4,3489,1023
3490,4,3490,310
3491,4,3491,4876
3492,4,3492,1673
3493,5,3493,4550
3494,4,3494,2365
3495,4,3495,3681
3496,4,3496,3671
3497,4,3497,2664
3498,6,3498,4509
3499,9,3499,1670
3500,4,3500,218
3501,4,3501,3684
3502,4,3502,1273
3503,4,3503,1493
3504,4,3504,2220
3505,5,3505,3843
3506,4,3506,4980
3507,4,3507,2891
3508,4,3508,2229
3509,3,3509,2079
3510,4,3510,683
3511,4,3511,2527
3512,4,3512,3990
3513,4,3513,114
3514,4,3514,2023
3515,4,3515,4123
3516,4,3516,4646
3517,4,3517,2256
3518,4,3518,4687
3519,4,3519,3526
3520,4,3520,1673
3521,4,3521,90
3522,4,3522,10
3523,4,3523,1928
3524,4,3524,2013
3525,4,3525,2326
3526,4,3526,1321
3527,4,3527,4961
3528,4,3528,4022
3529,4,3529,1252
3530,5,3530,4007
3531,4,3531,3518
3532,5,3532,207
3533,3,3533,3717
3534,4,3534,205
3535,4,3535,1650
3536,4,3536,3130
3537,4,3537,1232
3538,4,3538,908
3539,4,3539,5025
3540,4,3540,4787
3541,4,3541,266
3542,4,3542,2662
3543,4,3543,377
3544,4,3544,2316
3545,4,3545,308
3546,4,3546,4528
3547,4,3547,871
3548,4,3548,1199
3549,4,3549,94
3550,4,3550,2642
3551,4,3551,4031
3552,4,3552,903
3553,4,3553,4361
3554,4,3554,2033
3555,4,3555,11
3556,4,3556,926
3557,4,3557,3133
3558,4,3558,1128
3559,4,3559,2124
3560,4,3560,2958
3561,4,3561,1311
3562,4,3562,1220
3563,8,3563,4543
3564,4,3564,1649
3565,4,3565,481
3566,4,3566,971
3567,4,3567,2541
3568,4,3568,4701
3569,4,3569,3410
3570,4,3570,3670
3571,4,3571,583
3572,4,3572,4977
3573,4,3573,4777
3574,4,3574,592
3575,4,3575,4017
3576,4,3576,3922
3577,4,3577,3908
3578,4,3578,1265
3579,4,3579,2958
3580,4,3580,377
3581,4,3581,2857
3582,4,3582,2101
3583,4,3583,2023
3584,5,3584,4661
3585,4,3585,1196
3586,6,3586,4746
3587,4,3587,256
3588,4,3588,847
3589,4,3589,4032
3590,4,3590,1624
3591,4,3591,3250
3592,4,3592,4208
3593,4,3593,1764
3594,4,3594,1133
3595,4,3595,311
3596,4,3596,1066
3597,4,3597,3671
3598,4,3598,4019
3599,3,3599,2259
3600,4,3600,591
3601,4,3601,3130
3602,4,3602,4462
3603,4,3603,3232
3604,5,3604,2707
3605,4,3605,1783
3606,4,3606,1023
3607,4,3607,10
3608,4,3608,2062
3609,3,3609,2059
3610,4,3610,2200
3611,4,3611,316
3612,4,3612,1609
3613,4,3613,4583
3614,4,3614,1606
3615,4,3615,2447
3616,4,3616,2744
3617,4,3617,308
3618,4,3618,2938
3619,4,3619,2258
3620,4,3620,841
3621,4,3621,1942
3622,4,3622,492
3623,4,3623,1870
3624,4,3624,101
3625,4,3625,3882
3626,4,3626,4116
3627,4,3627,3759
3628,4,3628,3631
3629,4,3629,3095
3630,4,3630,3992
3631,4,3631,786
3632,4,3632,3628
3633,4,3633,477
3634,4,3634,1286
3635,4,3635,4702
3636,4,3636,2229
3637,4,3637,4129
3638,4,3638,1984
3639,4,3639,632
3640,4,3640,2214
3641,4,3641,5047
3642,4,3642,936
3643,4,3643,1480
3644,4,3644,1153
3645,6,3645,9
3646,4,3646,1978
3647,4,3647,3906
3648,4,3648,80
3649,9,3649,1119
3650,4,3650,3174
3651,4,3651,791
3652,4,3652,4400
3653,4,3653,1417
3654,4,3654,3235
3655,4,3655,2741
3656,4,3656,4705
3657,4,3657,4275
3658,4,3658,5143
3659,4,3659,4123
3660,4,3660,3090
3661,4,3661,1474
3662,4,3662,847
3663,4,3663,2933
3664,4,3664,3971
3665,8,3665,4914
3666,4,3666,637
3667,4,3667,3416
3668,4,3668,15
3669,4,3669,4917
3670,4,3670,1861
3671,4,3671,1961
3672,9,3672,4825
3673,4,3673,458
3674,4,3674,566
3675,4,3675,204
3676,4,3676,116
3677,4,3677,5153
3678,4,3678,1502
3679,5,3679,910
3680,4,3680,5
3681,4,3681,2499
3682,4,3682,1494
3683,4,3683,101
3684,4,3684,4712
3685,4,3685,3501
3686,4,3686,1005
3687,4,3687,1597
3688,4,3688,4738
3689,4,3689,3381
3690,4,3690,3879
3691,4,3691,101
3692,4,3692,1457
3693,4,3693,1332
3694,4,3694,668
3695,4,3695,1730
3696,4,3696,795
3697,3,3697,2691
3698,3,3698,1103
3699,4,3699,2023
3700,4,3700,5046
3701,4,3701,1659
3702,4,3702,1474
3703,4,3703,4429
3704,4,3704,4954
3705,4,3705,892
3706,4,3706,1086
3707,4,3707,4315
3708,4,3708,956
3709,4,3709,3451
3710,4,3710,833
3711,4,3711,471
3712,4,3712,3722
3713,4,3713,3059
3714,4,3714,3485
3715,4,3715,491
3716,4,3716,163
3717,3,3717,1103
3718,4,3718,1827
3719,4,3719,4575
3720,4,3720,211
3721,4,3721,4460
3722,4,3722,1720
3723,4,3723,3202
3724,4,3724,2897
3725,4,3725,192
3726,9,3726,1793
3727,4,3727,2896
3728,4,3728,965
3729,4,3729,268
3730,4,3730,681
3731,4,3731,845
3732,4,3732,3460
3733,4,3733,4672
3734,4,3734,3360
3735,4,3735,2771
3736,4,3736,25
3737,4,3737,2643
3738,4,3738,2976
3739,4,3739,143
3740,4,3740,4024
3741,4,3741,3059
3742,4,3742,2694
3743,4,3743,4300
3744,4,3744,1189
3745,4,3745,4690
3746,4,3746,1493
3747,4,3747,5002
3748,4,3748,3832
3749,4,3749,2695
3750,4,3750,2958
3751,4,3751,1454
3752,4,3752,4323
3753,4,3753,292
3754,4,3754,5012
3755,4,3755,670
3756,8,3756,916
3757,4,3757,1023
3758,4,3758,2162
3759,4,3759,2711
3760,9,3760,2798
3761,4,3761,3627
3762,4,3762,639
3763,4,3763,4399
3764,4,3764,786
3765,4,3765,10
3766,4,3766,3914
3767,4,3767,4090
3768,4,3768,3554
3769,4,3769,4738
3770,4,3770,4208
3771,4,3771,461
3772,4,3772,1591
3773,4,3773,3852
3774,4,3774,2138
3775,6,3775,4948
3776,4,3776,138
3777,9,3777,1971
3778,4,3778,3701
3779,4,3779,1380
3780,4,3780,4856
3781,4,3781,1827
3782,4,3782,4308
3783,4,3783,668
3784,4,3784,4388
3785,4,3785,2564
3786,4,3786,1516
3787,4,3787,29
3788,4,3788,3127
3789,4,3789,2997
3790,3,3790,3533
3791,4,3791,2335
3792,4,3792,41
3793,4,3793,799
3794,4,3794,1567
3795,4,3795,0
3796,4,3796,1398
3797,4,3797,808
3798,4,3798,2420
3799,4,3799,2339
3800,4,3800,1933
3801,4,3801,2442
3802,3,3802,1191
3803,4,3803,938
3804,4,3804,1816
3805,4,3805,1891
3806,4,3806,2395
3807,4,3807,592
3808,4,3808,1325
3809,4,3809,1978
3810,4,3810,2126
3811,4,3811,527
3812,4,3812,427
3813,4,3813,293
3814,4,3814,2858
3815,4,3815,2647
3816,4,3816,4290
3817,4,3817,637
3818,4,3818,2127
3819,4,3819,2900
3820,4,3820,3524
3821,4,3821,4474
3822,8,3822,1647
3823,4,3823,4625
3824,4,3824,0
3825,4,3825,1374
3826,4,3826,2181
3827,4,3827,2818
3828,4,3828,3425
3829,4,3829,2897
3830,4,3830,847
3831,4,3831,163
3832,4,3832,434
3833,4,3833,2229
3834,4,3834,10
3835,4,3835,2095
3836,4,3836,352
3837,4,3837,2761
3838,4,3838,4021
3839,4,3839,1901
3840,4,3840,3296
3841,4,3841,1516
3842,4,3842,1917
3843,5,3843,4065
3844,4,3844,847
3845,9,3845,1140
3846,4,3846,2616
3847,4,3847,658
3848,4,3848,3001
3849,4,3849,2137
3850,4,3850,100
3851,4,3851,3397
3852,4,3852,5
3853,9,3853,1634
3854,4,3854,870
3855,4,3855,3826
3856,4,3856,248
3857,4,3857,5047
3858,4,3858,3598
3859,4,3859,4584
3860,4,3860,2432
3861,4,3861,2385
3862,4,3862,2803
3863,4,3863,4990
3864,4,3864,2679
3865,4,3865,101
3866,6,3866,2412
3867,4,3867,5184
3868,4,3868,2184
3869,4,3869,1328
3870,4,3870,1868
3871,4,3871,980
3872,4,3872,600
3873,4,3873,868
3874,4,3874,547
3875,4,3875,5029
3876,4,3876,1842
3877,4,3877,1737
3878,4,3878,1068
3879,4,3879,359
3880,4,3880,614
3881,4,3881,2947
3882,4,3882,2229
3883,4,3883,780
3884,4,3884,7
3885,4,3885,4786
3886,4,3886,4181
3887,4,3887,1005
3888,4,3888,4982
3889,4,3889,1032
3890,4,3890,1680
3891,6,3891,447
3892,4,3892,4172
3893,4,3893,3862
3894,4,3894,2140
3895,4,3895,2748
3896,4,3896,5047
3897,4,3897,1005
3898,4,3898,4901
3899,4,3899,328
3900,4,3900,0
3901,4,3901,1467
3902,4,3902,3313
3903,4,3903,2812
3904,4,3904,639
3905,4,3905,3076
3906,4,3906,44
3907,4,3907,633
3908,4,3908,1393
3909,4,3909,1392
3910,4,3910,1911
3911,0,3911,3079
3912,4,3912,6
3913,4,3913,1792
3914,4,3914,304
3915,4,3915,3337
3916,4,3916,2144
3917,4,3917,926
3918,4,3918,825
3919,4,3919,895
3920,4,3920,1814
3921,4,3921,1123
3922,4,3922,1568
3923,4,3923,5120
3924,4,3924,1209
3925,4,3925,4494
3926,4,3926,4494
3927,4,3927,2951
3928,4,3928,1474
3929,4,3929,5046
3930,4,3930,2544
3931,4,3931,163
3932,4,3932,81
3933,4,3933,310
3934,4,3934,4111
3935,4,3935,461
3936,4,3936,5118
3937,4,3937,5090
3938,4,3938,2917
3939,4,3939,1273
3940,4,3940,1560
3941,10,3941,4664
3942,4,3942,5191
3943,4,3943,2201
3944,4,3944,825
3945,4,3945,2355
3946,4,3946,1981
3947,4,3947,351
3948,4,3948,3055
3949,4,3949,3422
3950,4,3950,903
3951,4,3951,4947
3952,4,3952,107
3953,4,3953,5084
3954,4,3954,4583
3955,4,3955,458
3956,4,3956,108
3957,4,3957,1022
3958,9,3958,4029
3959,4,3959,2976
3960,4,3960,2339
3961,4,3961,2229
3962,4,3962,1680
3963,4,3963,1446
3964,4,3964,335
3965,4,3965,3835
3966,4,3966,1133
3967,5,3967,3505
3968,4,3968,1023
3969,4,3969,1008
3970,6,3970,9
3971,4,3971,3527
3972,4,3972,3664
3973,4,3973,1158
3974,4,3974,4221
3975,4,3975,3372
3976,4,3976,3133
3977,8,3977,4335
3978,4,3978,3886
3979,4,3979,749
3980,4,3980,1415
3981,4,3981,2244
3982,4,3982,772
3983,4,3983,5143
3984,4,3984,1912
3985,4,3985,1476
3986,4,3986,438
3987,4,3987,101
3988,4,3988,734
3989,4,3989,4182
3990,4,3990,2011
3991,4,3991,3453
3992,4,3992,4738
3993,4,3993,3630
3994,5,3994,3036
3995,4,3995,5
3996,4,3996,760
3997,5,3997,3081
3998,4,3998,2055
3999,4,3999,2917
4000,4,4000,2906
4001,4,4001,1375
4002,4,4002,1253
4003,4,4003,681
4004,4,4004,2156
4005,4,4005,3942
4006,4,4006,277
4007,5,4007,1170
4008,4,4008,926
4009,4,4009,1731
4010,4,4010,3755
4011,4,4011,1470
4012,4,4012,4707
4013,4,4013,1320
4014,4,4014,558
4015,4,4015,1870
4016,4,4016,3360
4017,4,4017,2225
4018,4,4018,3575
4019,4,4019,1031
4020,4,4020,4435
4021,4,4021,22
4022,4,4022,3838
4023,4,4023,3528
4024,4,4024,1086
4025,4,4025,2632
4026,4,4026,2296
4027,4,4027,668
4028,4,4028,1398
4029,9,4029,1971
4030,4,4030,2365
4031,4,4031,263
4032,4,4032,1887
4033,4,4033,2454
4034,4,4034,900
4035,4,4035,1596
4036,4,4036,943
4037,4,4037,353
4038,4,4038,3528
4039,5,4039,4310
4040,4,4040,401
4041,4,4041,0
4042,4,4042,3150
4043,4,4043,2564
4044,4,4044,3596
4045,4,4045,3126
4046,4,4046,3287
4047,4,4047,1621
4048,4,4048,3136
4049,4,4049,583
4050,4,4050,875
4051,4,4051,3562
4052,4,4052,101
4053,4,4053,264
4054,8,4054,1672
4055,4,4055,477
4056,4,4056,791
4057,4,4057,978
4058,4,4058,3447
4059,4,4059,2206
4060,4,4060,1753
4061,4,4061,4909
4062,4,4062,4971
4063,4,4063,2229
4064,4,4064,3100
4065,5,4065,3967
4066,4,4066,1914
4067,4,4067,2576
4068,4,4068,1427
4069,4,4069,163
4070,4,4070,0
4071,4,4071,4609
4072,4,4072,2802
4073,4,4073,1360
4074,4,4074,4004
4075,4,4075,881
4076,4,4076,1680
4077,4,4077,2499
4078,4,4078,267
4079,4,4079,2519
4080,4,4080,1078
4081,5,4081,2707
4082,4,4082,1637
4083,4,4083,4959
4084,4,4084,1071
4085,8,4085,569
4086,4,4086,477
4087,4,4087,825
4088,4,4088,583
4089,4,4089,4087
4090,4,4090,1493
4091,4,4091,3755
4092,4,4092,5146
4093,4,4093,4323
4094,4,4094,3591
4095,4,4095,1009
4096,4,4096,825
4097,5,4097,345
4098,4,4098,786
4099,4,4099,1041
4100,4,4100,3090
4101,4,4101,2287
4102,4,4102,164
4103,4,4103,0
4104,4,4104,3246
4105,4,4105,2679
4106,4,4106,713
4107,4,4107,4737
4108,4,4108,2402
4109,4,4109,1553
4110,4,4110,0
4111,4,4111,2533
4112,4,4112,32
4113,8,4113,1702
4114,4,4114,560
4115,4,4115,1034
4116,4,4116,2992
4117,4,4117,4343
4118,4,4118,1457
4119,4,4119,2771
4120,4,4120,4181
4121,4,4121,492
4122,4,4122,833
4123,4,4123,1122
4124,4,4124,926
4125,4,4125,1827
4126,4,4126,871
4127,5,4127,3402
4128,4,4128,4225
4129,4,4129,4495
4130,4,4130,336
4131,4,4131,4426
4132,4,4132,591
4133,4,4133,2105
4134,4,4134,2548
4135,4,4135,4315
4136,4,4136,1368
4137,4,4137,723
4138,4,4138,3171
4139,4,4139,4238
4140,4,4140,1529
4141,4,4141,3610
4142,4,4142,668
4143,4,4143,2280
4144,4,4144,4796
4145,4,4145,414
4146,4,4146,4966
4147,4,4147,4736
4148,4,4148,162
4149,9,4149,2884
4150,4,4150,2891
4151,8,4151,1702
4152,4,4152,3527
4153,4,4153,428
4154,4,4154,1954
4155,0,4155,4155
4156,4,4156,2380
4157,4,4157,4180
4158,4,4158,0
4159,4,4159,4225
4160,3,4160,1618
4161,4,4161,2519
4162,4,4162,101
4163,4,4163,3993
4164,4,4164,1432
4165,4,4165,5068
4166,5,4166,3340
4167,4,4167,3438
4168,4,4168,592
4169,5,4169,4545
4170,4,4170,892
4171,4,4171,2887
4172,4,4172,806
4173,4,4173,552
4174,4,4174,385
4175,4,4175,1311
4176,8,4176,2111
4177,4,4177,4637
4178,4,4178,1238
4179,4,4179,837
4180,4,4180,4148
4181,4,4181,4714
4182,4,4182,4120
4183,5,4183,2403
4184,4,4184,2023
4185,4,4185,1364
4186,4,4186,1181
4187,4,4187,4201
4188,4,4188,372
4189,4,4189,1473
4190,4,4190,1654
4191,4,4191,1010
4192,4,4192,2467
4193,4,4193,830
4194,4,4194,1870
4195,4,4195,6
4196,3,4196,4363
4197,4,4197,2072
4198,9,4198,2798
4199,3,4199,4994
4200,4,4200,464
4201,4,4201,3353
4202,4,4202,3804
4203,4,4203,798
4204,4,4204,4637
4205,4,4205,1493
4206,4,4206,502
4207,4,4207,2828
4208,4,4208,5191
4209,4,4209,3136
4210,6,4210,1705
4211,4,4211,98
4212,4,4212,267
4213,4,4213,4375
4214,4,4214,4077
4215,4,4215,4360
4216,4,4216,2104
4217,5,4217,2403
4218,4,4218,0
4219,4,4219,4164
4220,4,4220,1005
4221,4,4221,418
4222,5,4222,345
4223,4,4223,2872
4224,4,4224,1133
4225,4,4225,1331
4226,4,4226,5153
4227,4,4227,1493
4228,4,4228,108
4229,4,4229,1902
4230,5,4230,2676
4231,4,4231,1305
4232,4,4232,5
4233,4,4233,2528
4234,4,4234,0
4235,4,4235,3354
4236,4,4236,2046
4237,4,4237,3948
4238,4,4238,2113
4239,4,4239,4139
4240,4,4240,3827
4241,4,4241,336
4242,4,4242,4008
4243,4,4243,264
4244,4,4244,1493
4245,4,4245,101
4246,4,4246,0
4247,4,4247,3076
4248,4,4248,4251
4249,4,4249,3076
4250,4,4250,704
4251,4,4251,1157
4252,5,4252,4081
4253,4,4253,2753
4254,4,4254,2161
4255,4,4255,2316
4256,5,4256,3081
4257,4,4257,5090
4258,4,4258,1252
4259,4,4259,4172
4260,4,4260,1881
4261,4,4261,3707
4262,4,4262,1901
4263,4,4263,2169
4264,4,4264,719
4265,4,4265,2751
4266,4,4266,2013
4267,4,4267,1681
4268,4,4268,1653
4269,4,4269,4464
4270,4,4270,1673
4271,4,4271,1008
4272,4,4272,2060
4273,4,4273,1326
4274,4,4274,2470
4275,4,4275,4612
4276,4,4276,1814
4277,4,4277,410
4278,5,4278,1316
4279,4,4279,3353
4280,4,4280,4774
4281,5,4281,350
4282,4,4282,4583
4283,4,4283,1452
4284,4,4284,4286
4285,4,4285,713
4286,4,4286,3436
4287,4,4287,2586
4288,4,4288,3682
4289,4,4289,726
4290,4,4290,4451
4291,4,4291,2820
4292,4,4292,4651
4293,4,4293,1026
4294,4,4294,1029
4295,4,4295,2481
4296,4,4296,3494
4297,4,4297,1392
4298,4,4298,1553
4299,4,4299,871
4300,4,4300,10
4301,4,4301,2441
4302,3,4302,1103
4303,4,4303,1680
4304,4,4304,1005
4305,4,4305,3422
4306,4,4306,1493
4307,4,4307,3218
4308,4,4308,1106
4309,4,4309,1488
4310,5,4310,2403
4311,4,4311,1375
4312,9,4312,1144
4313,4,4313,1740
4314,4,4314,5181
4315,4,4315,1280
4316,4,4316,3707
4317,4,4317,247
4318,4,4318,2826
4319,4,4319,536
4320,4,4320,2297
4321,4,4321,1013
4322,4,4322,4098
4323,4,4323,1049
4324,4,4324,11
4325,4,4325,2889
4326,4,4326,3501
4327,4,4327,1637
4328,4,4328,719
4329,4,4329,3232
4330,4,4330,2951
4331,4,4331,4287
4332,4,4332,0
4333,4,4333,1253
4334,4,4334,2886
4335,8,4335,3756
4336,4,4336,4361
4337,4,4337,739
4338,4,4338,2328
4339,6,4339,2413
4340,4,4340,938
4341,5,4341,4039
4342,4,4342,4253
4343,4,4343,4164
4344,4,4344,4117
4345,4,4345,2011
4346,4,4346,2470
4347,4,4347,1290
4348,4,4348,1067
4349,4,4349,4114
4350,4,4350,10
4351,4,4351,3246
4352,4,4352,120
4353,4,4353,0
4354,4,4354,1943
4355,4,4355,332
4356,4,4356,3059
4357,4,4357,1818
4358,4,4358,2229
4359,4,4359,4576
4360,4,4360,600
4361,4,4361,2031
4362,5,4362,4081
4363,3,4363,1748
4364,4,4364,3233
4365,4,4365,1822
4366,4,4366,1560
4367,4,4367,347
4368,4,4368,4841
4369,4,4369,1832
4370,4,4370,685
4371,4,4371,3001
4372,4,4372,3100
4373,4,4373,2446
4374,4,4374,2194
4375,4,4375,458
4376,4,4376,938
4377,4,4377,4291
4378,4,4378,1662
4379,4,4379,143
4380,4,4380,2799
4381,4,4381,3180
4382,4,4382,4567
4383,4,4383,6
4384,4,4384,3095
4385,4,4385,0
4386,5,4386,1580
4387,4,4387,1366
4388,4,4388,3312
4389,4,4389,1092
4390,4,4390,4964
4391,4,4391,4454
4392,4,4392,1529
4393,4,4393,1403
4394,4,4394,2084
4395,4,4395,1270
4396,4,4396,1023
4397,4,4397,248
4398,4,4398,1305
4399,4,4399,795
4400,4,4400,1023
4401,8,4401,4543
4402,6,4402,1705
4403,4,4403,3956
4404,4,4404,2314
4405,4,4405,1381
4406,4,4406,2538
4407,4,4407,1319
4408,4,4408,1744
4409,4,4409,982
4410,4,4410,4928
4411,4,4411,1203
4412,4,4412,892
4413,4,4413,664
4414,4,4414,1636
4415,4,4415,795
4416,4,4416,2940
4417,4,4417,593
4418,3,4418,2452
4419,4,4419,0
4420,4,4420,4365
4421,4,4421,369
4422,4,4422,670
4423,4,4423,4318
4424,4,4424,1160
4425,5,4425,2092
4426,4,4426,1330
4427,4,4427,4131
4428,4,4428,4449
4429,4,4429,357
4430,4,4430,3703
4431,4,4431,1780
4432,4,4432,2751
4433,4,4433,1331
4434,4,4434,10
4435,4,4435,1027
4436,5,4436,3402
4437,4,4437,4020
4438,4,4438,2745
4439,4,4439,3669
4440,4,4440,89
4441,4,4441,1005
4442,4,4442,5102
4443,4,4443,989
4444,4,4444,4257
4445,4,4445,1229
4446,4,4446,771
4447,4,4447,2697
4448,5,4448,39
4449,4,4449,506
4450,4,4450,4428
4451,4,4451,4435
4452,4,4452,1280
4453,4,4453,4527
4454,4,4454,323
4455,4,4455,90
4456,4,4456,1245
4457,9,4457,3845
4458,4,4458,4957
4459,4,4459,2261
4460,4,4460,0
4461,4,4461,164
4462,4,4462,2432
4463,4,4463,1983
4464,4,4464,1887
4465,4,4465,2137
4466,4,4466,392
4467,5,4467,3967
4468,4,4468,196
4469,4,4469,1944
4470,4,4470,25
4471,4,4471,2965
4472,3,4472,4994
4473,4,4473,549
4474,4,4474,4316
4475,4,4475,358
4476,4,4476,2335
4477,4,4477,344
4478,4,4478,3329
4479,4,4479,4470
4480,4,4480,4901
4481,5,4481,1784
4482,4,4482,0
4483,4,4483,3016
4484,4,4484,1744
4485,4,4485,377
4486,8,4486,1355
4487,4,4487,2011
4488,6,4488,1705
4489,9,4489,1217
4490,4,4490,4361
4491,4,4491,291
4492,4,4492,4972
4493,4,4493,2362
4494,4,4494,2201
4495,4,4495,3177
4496,4,4496,4420
4497,4,4497,1685
4498,4,4498,806
4499,4,4499,282
4500,4,4500,2969
4501,4,4501,353
4502,4,4502,4301
4503,4,4503,667
4504,4,4504,1380
4505,4,4505,3886
4506,4,4506,197
4507,4,4507,1356
4508,4,4508,2071
4509,6,4509,1015
4510,4,4510,4772
4511,4,4511,1168
4512,4,4512,938
4513,4,4513,527
4514,4,4514,0
4515,4,4515,1804
4516,4,4516,1997
4517,4,4517,3983
4518,4,4518,3471
4519,4,4519,2658
4520,4,4520,2063
4521,4,4521,4327
4522,4,4522,4487
4523,4,4523,1232
4524,4,4524,5181
4525,4,4525,1329
4526,4,4526,1354
4527,4,4527,4640
4528,4,4528,1604
4529,4,4529,413
4530,4,4530,4870
4531,4,4531,0
4532,5,4532,2403
4533,4,4533,10
4534,5,4534,4767
4535,2,4535,3077
4536,4,4536,5059
4537,5,4537,3402
4538,4,4538,3564
4539,4,4539,1034
4540,4,4540,1474
4541,4,4541,2062
4542,4,4542,0
4543,8,4543,1019
4544,4,4544,1248
4545,5,4545,581
4546,4,4546,4316
4547,4,4547,1923
4548,4,4548,7
4549,4,4549,1123
4550,5,4550,3167
4551,4,4551,121
4552,6,4552,3498
4553,6,4553,4488
4554,4,4554,3863
4555,4,4555,1842
4556,4,4556,3597
4557,4,4557,165
4558,4,4558,660
4559,4,4559,1001
4560,4,4560,926
4561,4,4561,2299
4562,4,4562,2011
4563,4,4563,1893
4564,4,4564,2567
4565,4,4565,0
4566,4,4566,4584
4567,4,4567,4888
4568,4,4568,2679
4569,4,4569,3469
4570,4,4570,3070
4571,4,4571,2802
4572,4,4572,2649
4573,5,4573,4481
4574,4,4574,3554
4575,4,4575,4115
4576,4,4576,4316
4577,4,4577,2809
4578,4,4578,195
4579,4,4579,4165
4580,4,4580,1636
4581,4,4581,1005
4582,3,4582,1765
4583,4,4583,254
4584,4,4584,857
4585,4,4585,2917
4586,4,4586,2349
4587,4,4587,2285
4588,5,4588,2049
4589,4,4589,1457
4590,4,4590,1023
4591,4,4591,3296
4592,4,4592,2821
4593,4,4593,4071
4594,4,4594,2225
4595,4,4595,372
4596,4,4596,2429
4597,4,4597,4584
4598,4,4598,0
4599,4,4599,1096
4600,4,4600,1272
4601,0,4601,4155
4602,4,4602,2034
4603,4,4603,310
4604,4,4604,2162
4605,5,4605,4713
4606,4,4606,1153
4607,4,4607,4551
4608,4,4608,0
4609,4,4609,4000
4610,5,4610,3340
4611,4,4611,26
4612,4,4612,683
4613,4,4613,3270
4614,4,4614,4233
4615,4,4615,4141
4616,4,4616,361
4617,4,4617,1402
4618,4,4618,1203
4619,4,4619,1501
4620,4,4620,4173
4621,4,4621,2579
4622,4,4622,892
4623,4,4623,101
4624,4,4624,3594
4625,4,4625,1673
4626,4,4626,3823
4627,4,4627,3163
4628,4,4628,547
4629,4,4629,2503
4630,4,4630,0
4631,3,4631,3717
4632,4,4632,1539
4633,4,4633,733
4634,4,4634,3060
4635,4,4635,1361
4636,5,4636,207
4637,4,4637,1552
4638,4,4638,4177
4639,4,4639,926
4640,4,4640,143
4641,4,4641,264
4642,4,4642,1565
4643,4,4643,560
4644,4,4644,2610
4645,4,4645,592
4646,4,4646,4738
4647,4,4647,513
4648,4,4648,410
4649,4,4649,3471
4650,4,4650,1417
4651,4,4651,1012
4652,4,4652,4627
4653,4,4653,4355
4654,4,4654,1606
4655,4,4655,1763
4656,4,4656,972
4657,4,4657,1673
4658,4,4658,3715
4659,4,4659,2919
4660,4,4660,1153
4661,5,4661,4386
4662,4,4662,2580
4663,4,4663,4638
4664,10,4664,4664
4665,4,4665,307
4666,4,4666,2533
4667,4,4667,1498
4668,4,4668,4172
4669,4,4669,2958
4670,4,4670,1988
4671,4,4671,1434
4672,4,4672,536
4673,4,4673,1308
4674,4,4674,5065
4675,4,4675,2966
4676,4,4676,216
4677,4,4677,3769
4678,4,4678,2030
4679,4,4679,4384
4680,4,4680,4714
4681,4,4681,3807
4682,4,4682,2802
4683,4,4683,3350
4684,4,4684,4685
4685,4,4685,1091
4686,4,4686,4684
4687,4,4687,3171
4688,4,4688,3518
4689,4,4689,390
4690,4,4690,4360
4691,4,4691,2130
4692,4,4692,2360
4693,4,4693,99
4694,4,4694,1899
4695,4,4695,0
4696,4,4696,0
4697,4,4697,4301
4698,4,4698,1467
4699,4,4699,2679
4700,4,4700,2104
4701,4,4701,195
4702,4,4702,3568
4703,4,4703,224
4704,4,4704,1467
4705,4,4705,4787
4706,5,4706,2665
4707,4,4707,1158
4708,4,4708,1620
4709,4,4709,2223
4710,4,4710,1031
4711,4,4711,2544
4712,4,4712,181
4713,5,4713,382
4714,4,4714,2753
4715,4,4715,2819
4716,4,4716,2171
4717,4,4717,4022
4718,4,4718,291
4719,4,4719,1782
4720,4,4720,290
4721,4,4721,3410
4722,4,4722,1158
4723,4,4723,216
4724,4,4724,2026
4725,4,4725,268
4726,4,4726,1891
4727,4,4727,1752
4728,4,4728,1452
4729,4,4729,740
4730,4,4730,1621
4731,4,4731,4384
4732,4,4732,1267
4733,6,4733,9
4734,6,4734,2961
4735,4,4735,1356
4736,4,4736,3469
4737,4,4737,1773
4738,4,4738,1489
4739,4,4739,3769
4740,4,4740,4766
4741,4,4741,4972
4742,4,4742,2356
4743,4,4743,5
4744,4,4744,155
4745,4,4745,5090
4746,6,4746,3444
4747,5,4747,787
4748,4,4748,839
4749,4,4749,4998
4750,4,4750,5044
4751,4,4751,926
4752,4,4752,216
4753,4,4753,3385
4754,4,4754,3557
4755,4,4755,1870
4756,4,4756,991
4757,4,4757,5134
4758,4,4758,3062
4759,4,4759,2900
4760,4,4760,1649
4761,4,4761,2299
4762,4,4762,674
4763,4,4763,3740
4764,4,4764,2994
4765,9,4765,1217
4766,4,4766,1160
4767,5,4767,4217
4768,3,4768,3339
4769,4,4769,2271
4770,4,4770,248
4771,4,4771,4807
4772,4,4772,248
4773,4,4773,4510
4774,4,4774,1885
4775,4,4775,2485
4776,4,4776,379
4777,4,4777,2750
4778,4,4778,596
4779,4,4779,4143
4780,4,4780,5136
4781,4,4781,4621
4782,5,4782,4534
4783,4,4783,163
4784,4,4784,2679
4785,4,4785,4577
4786,4,4786,330
4787,4,4787,2917
4788,4,4788,4100
4789,4,4789,1892
4790,4,4790,4715
4791,10,4791,3941
4792,4,4792,795
4793,4,4793,498
4794,4,4794,3232
4795,4,4795,3542
4796,4,4796,4981
4797,4,4797,4316
4798,4,4798,740
4799,4,4799,2818
4800,4,4800,3152
4801,4,4801,4557
4802,4,4802,25
4803,4,4803,4947
4804,4,4804,1596
4805,4,4805,475
4806,4,4806,4327
4807,4,4807,2926
4808,4,4808,2302
4809,4,4809,3835
4810,4,4810,293
4811,0,4811,5169
4812,4,4812,3409
4813,4,4813,3232
4814,4,4814,4435
4815,4,4815,309
4816,4,4816,3313
4817,4,4817,4576
4818,5,4818,3402
4819,4,4819,3019
4820,4,4820,1321
4821,4,4821,2220
4822,4,4822,163
4823,4,4823,3286
4824,4,4824,1901
4825,9,4825,2974
4826,4,4826,2649
4827,4,4827,0
4828,4,4828,806
4829,4,4829,5151
4830,4,4830,94
4831,4,4831,1204
4832,4,4832,4581
4833,4,4833,1901
4834,4,4834,1320
4835,4,4835,3060
4836,9,4836,1670
4837,4,4837,3027
4838,4,4838,3172
4839,4,4839,847
4840,4,4840,1392
4841,4,4841,596
4842,4,4842,2321
4843,4,4843,1493
4844,4,4844,1818
4845,4,4845,972
4846,4,4846,1673
4847,4,4847,4997
4848,4,4848,2820
4849,4,4849,1660
4850,4,4850,4869
4851,9,4851,459
4852,4,4852,181
4853,4,4853,3438
4854,4,4854,3542
4855,4,4855,5
4856,4,4856,527
4857,5,4857,2707
4858,4,4858,2610
4859,4,4859,0
4860,10,4860,2354
4861,4,4861,10
4862,4,4862,4287
4863,4,4863,2993
4864,4,4864,590
4865,4,4865,1275
4866,4,4866,547
4867,4,4867,1633
4868,4,4868,1253
4869,4,4869,1311
4870,4,4870,5044
4871,4,4871,1331
4872,4,4872,926
4873,4,4873,4165
4874,4,4874,1134
4875,4,4875,2679
4876,4,4876,3308
4877,4,4877,4863
4878,4,4878,3682
4879,6,4879,4488
4880,4,4880,4997
4881,4,4881,0
4882,4,4882,4557
4883,4,4883,3421
4884,4,4884,4715
4885,4,4885,309
4886,4,4886,5081
4887,4,4887,4194
4888,4,4888,1946
4889,4,4889,2939
4890,4,4890,2820
4891,4,4891,3108
4892,4,4892,2319
4893,4,4893,248
4894,4,4894,3210
4895,4,4895,1638
4896,4,4896,3972
4897,4,4897,2104
4898,4,4898,2834
4899,4,4899,2740
4900,4,4900,1633
4901,4,4901,1452
4902,4,4902,4480
4903,4,4903,856
4904,4,4904,1539
4905,4,4905,3784
4906,4,4906,4019
4907,4,4907,719
4908,4,4908,3745
4909,4,4909,2825
4910,4,4910,4061
4911,4,4911,5090
4912,5,4912,39
4913,4,4913,4638
4914,8,4914,569
4915,4,4915,491
4916,4,4916,0
4917,4,4917,248
4918,4,4918,4551
4919,4,4919,1158
4920,4,4920,2305
4921,4,4921,1553
4922,5,4922,4341
4923,3,4923,2059
4924,4,4924,5089
4925,4,4925,771
4926,4,4926,4512
4927,4,4927,163
4928,4,4928,410
4929,4,4929,4410
4930,4,4930,491
4931,4,4931,309
4932,4,4932,1818
4933,4,4933,433
4934,4,4934,1470
4935,4,4935,107
4936,4,4936,4389
4937,4,4937,216
4938,4,4938,4577
4939,4,4939,4613
4940,4,4940,4686
4941,4,4941,3707
4942,4,4942,482
4943,4,4943,592
4944,4,4944,823
4945,4,4945,101
4946,4,4946,2881
4947,4,4947,389
4948,6,4948,1705
4949,4,4949,3951
4950,4,4950,4995
4951,8,4951,3086
4952,4,4952,536
4953,4,4953,2555
4954,4,4954,489
4955,4,4955,3610
4956,4,4956,349
4957,4,4957,328
4958,4,4958,2872
4959,4,4959,892
4960,4,4960,97
4961,4,4961,4255
4962,4,4962,3527
4963,4,4963,1493
4964,4,4964,5059
4965,8,4965,386
4966,4,4966,4390
4967,4,4967,321
4968,4,4968,4465
4969,4,4969,143
4970,4,4970,1790
4971,4,4971,2932
4972,4,4972,3716
4973,4,4973,4741
4974,9,4974,1670
4975,4,4975,1673
4976,4,4976,3606
4977,4,4977,4808
4978,4,4978,2268
4979,5,4979,2625
4980,4,4980,825
4981,4,4981,3506
4982,4,4982,2299
4983,4,4983,3945
4984,4,4984,4495
4985,4,4985,2037
4986,5,4986,4818
4987,4,4987,2072
4988,5,4988,4341
4989,4,4989,3950
4990,4,4990,456
4991,4,4991,2799
4992,4,4992,1485
4993,4,4993,3833
4994,3,4994,1748
4995,4,4995,7
4996,4,4996,4950
4997,4,4997,101
4998,4,4998,2455
4999,4,4999,2819
5000,4,5000,2162
5001,4,5001,1253
5002,4,5002,4470
5003,4,5003,5044
5004,4,5004,4115
5005,4,5005,2968
5006,4,5006,4153
5007,4,5007,2819
5008,4,5008,1818
5009,4,5009,1474
5010,4,5010,1216
5011,4,5011,2338
5012,4,5012,4720
5013,4,5013,3754
5014,4,5014,2381
5015,4,5015,2388
5016,4,5016,5151
5017,4,5017,1332
5018,4,5018,2227
5019,4,5019,5103
5020,4,5020,1005
5021,3,5021,4472
5022,4,5022,1229
5023,4,5023,563
5024,4,5024,2335
5025,4,5025,828
5026,4,5026,3539
5027,4,5027,4708
5028,4,5028,2679
5029,4,5029,1325
5030,4,5030,3161
5031,4,5031,2296
5032,4,5032,4751
5033,4,5033,3772
5034,4,5034,4960
5035,4,5035,3947
5036,4,5036,1005
5037,4,5037,82
5038,4,5038,3171
5039,4,5039,5103
5040,4,5040,4780
5041,4,5041,825
5042,4,5042,3312
5043,4,5043,723
5044,4,5044,4847
5045,4,5045,4750
5046,4,5046,1848
5047,4,5047,3542
5048,4,5048,3641
5049,4,5049,4750
5050,4,5050,835
5051,4,5051,1029
5052,4,5052,5048
5053,4,5053,3862
5054,4,5054,5035
5055,4,5055,2769
5056,4,5056,1814
5057,4,5057,1062
5058,4,5058,908
5059,4,5059,663
5060,4,5060,4964
5061,4,5061,5158
5062,4,5062,3886
5063,4,5063,4380
5064,4,5064,3215
5065,4,5065,2679
5066,4,5066,2886
5067,4,5067,3923
5068,4,5068,2090
5069,4,5069,280
5070,5,5070,2199
5071,4,5071,3397
5072,4,5072,1790
5073,4,5073,1682
5074,4,5074,3827
5075,2,5075,3077
5076,4,5076,2229
5077,4,5077,795
5078,4,5078,1219
5079,4,5079,1939
5080,4,5080,2088
5081,4,5081,210
5082,4,5082,3188
5083,4,5083,31
5084,4,5084,4998
5085,4,5085,3953
5086,4,5086,2383
5087,4,5087,4465
5088,4,5088,895
5089,4,5089,3723
5090,4,5090,228
5091,4,5091,4257
5092,4,5092,101
5093,4,5093,1849
5094,4,5094,161
5095,1,5095,933
5096,4,5096,1034
5097,4,5097,1841
5098,4,5098,326
5099,4,5099,1106
5100,4,5100,228
5101,4,5101,770
5102,4,5102,1501
5103,4,5103,2712
5104,4,5104,1139
5105,4,5105,823
5106,4,5106,926
5107,4,5107,3849
5108,4,5108,3873
5109,4,5109,3889
5110,4,5110,2701
5111,4,5111,3718
5112,4,5112,600
5113,4,5113,1633
5114,4,5114,1671
5115,4,5115,2810
5116,4,5116,2858
5117,4,5117,304
5118,4,5118,1870
5119,4,5119,3936
5120,4,5120,2635
5121,4,5121,3923
5122,4,5122,5158
5123,4,5123,1474
5124,4,5124,3826
5125,4,5125,211
5126,4,5126,793
5127,4,5127,740
5128,4,5128,1619
5129,5,5129,581
5130,4,5130,101
5131,4,5131,3182
5132,4,5132,3671
5133,4,5133,699
5134,4,5134,5048
5135,4,5135,4697
5136,4,5136,611
5137,4,5137,4780
5138,4,5138,3410
5139,4,5139,1143
5140,4,5140,2055
5141,4,5141,2335
5142,6,5142,3775
5143,4,5143,1460
5144,4,5144,2555
5145,4,5145,2842
5146,4,5146,2820
5147,4,5147,5030
5148,4,5148,254
5149,4,5149,490
5150,4,5150,529
5151,4,5151,1539
5152,4,5152,5016
5153,4,5153,2659
5154,4,5154,4226
5155,4,5155,101
5156,4,5156,293
5157,4,5157,4871
5158,4,5158,3068
5159,4,5159,101
5160,4,5160,1676
5161,4,5161,2023
5162,4,5162,1676
5163,4,5163,4416
5164,4,5164,3296
5165,4,5165,4812
5166,4,5166,871
5167,4,5167,755
5168,4,5168,0
5169,0,5169,3079
5170,4,5170,2679
5171,4,5171,1680
5172,4,5172,2030
5173,4,5173,1443
5174,4,5174,76
5175,4,5175,1273
5176,4,5176,248
5177,4,5177,733
5178,4,5178,936
5179,4,5179,2175
5180,4,5180,369
5181,4,5181,2104
5182,4,5182,2229
5183,4,5183,903
5184,4,5184,4117
5185,4,5185,2023
5186,0,5186,4811
5187,4,5187,3886
5188,4,5188,2813
5189,1,5189,1584
5190,4,5190,163
5191,4,5191,570
5192,4,5192,3942
5193,4,5193,4581
